date,flow_almadale_mean,flow_almadale_max,flow_almadale_min,rain_rangiwahia_total,rain_cheltenham_total,rain_halcombe_total,rain_mangaone_valley_total,rain_rangiwahia_maxhr,rain_cheltenham_maxhr,rain_halcombe_maxhr,rain_mangaone_valley_maxhr,wt_almadale_mean,wt_almadale_max,wt_almadale_min,flow_almadale_mean_lag1,flow_almadale_max_lag1,flow_almadale_min_lag1,rain_rangiwahia_total_lag1,rain_cheltenham_total_lag1,rain_halcombe_total_lag1,rain_mangaone_valley_total_lag1,rain_rangiwahia_maxhr_lag1,rain_cheltenham_maxhr_lag1,rain_halcombe_maxhr_lag1,rain_mangaone_valley_maxhr_lag1,wt_almadale_mean_lag1,wt_almadale_max_lag1,wt_almadale_min_lag1,flow_almadale_mean_lag2,flow_almadale_max_lag2,flow_almadale_min_lag2,rain_rangiwahia_total_lag2,rain_cheltenham_total_lag2,rain_halcombe_total_lag2,rain_mangaone_valley_total_lag2,rain_rangiwahia_maxhr_lag2,rain_cheltenham_maxhr_lag2,rain_halcombe_maxhr_lag2,rain_mangaone_valley_maxhr_lag2,wt_almadale_mean_lag2,wt_almadale_max_lag2,wt_almadale_min_lag2,flow_almadale_mean_lag3,flow_almadale_max_lag3,flow_almadale_min_lag3,rain_rangiwahia_total_lag3,rain_cheltenham_total_lag3,rain_halcombe_total_lag3,rain_mangaone_valley_total_lag3,rain_rangiwahia_maxhr_lag3,rain_cheltenham_maxhr_lag3,rain_halcombe_maxhr_lag3,rain_mangaone_valley_maxhr_lag3,wt_almadale_mean_lag3,wt_almadale_max_lag3,wt_almadale_min_lag3,rain_heavy_count_7d,flow_high_count_7d,ecoli_cfu,label
2005-07-13,1702384.12,26725.2,13828.04,8.62,1.66,0.5,1.06,,,,,7.15,7.7,6.7,1483364.17,20719.2,13970.55,5.39,3.86,3.01,3.7,,,,,6.64,7.4,6.1,1737894.58,22765.42,18366.3,11.86,3.31,2.01,0.0,,,,,7.46,7.8,7.1,2422416.03,58362.77,10248.55,29.66,4.42,3.01,2.64,,,,,8.61,9.7,7.8,0.0,2.0,74.99999999999997,0.0
2005-09-14,147047.81,1735.65,1653.91,0.0,0.0,0.0,0.0,,,,,15.44,20.0,11.8,148899.67,1777.71,1653.91,0.0,0.0,0.0,0.0,,,,,14.32,18.8,10.6,149942.31,1842.3,1674.04,0.0,0.0,0.0,0.0,,,,,13.33,17.6,9.7,151279.57,1842.3,1714.91,0.0,0.0,0.0,0.0,,,,,12.99,16.6,10.0,0.0,0.0,49.99999999999999,0.0
2006-01-18,268599.8,3208.33,2933.06,0.0,0.0,0.0,0.0,,,,,19.96,25.0,15.1,289968.78,3517.81,3157.68,0.0,0.0,0.0,0.0,,,,,19.58,24.4,15.4,319666.01,3890.98,3465.56,0.0,0.0,0.0,0.0,,,,,20.55,24.3,17.9,336564.51,4029.11,3729.45,1.65,0.99,0.52,0.49,,,,,21.61,26.2,18.0,0.0,0.0,49.99999999999999,0.0
2006-02-15,296139.68,3729.45,3157.68,0.0,1.03,0.47,1.1,,,,,20.77,24.7,17.8,356556.08,4418.64,3676.14,0.0,0.0,0.0,0.0,,,,,19.48,23.7,16.5,471190.19,7016.32,4418.64,0.55,0.51,0.0,0.0,,,,,18.41,20.9,16.9,1048702.29,26606.06,7016.32,3.3,1.03,1.42,0.55,,,,,17.94,20.7,14.8,0.0,0.0,40.0,0.0
2006-03-15,182113.16,2242.98,1934.93,0.0,0.0,0.0,0.0,,,,,15.5,20.7,11.0,203741.75,2523.49,2175.32,0.0,0.0,0.0,0.0,,,,,15.1,19.7,11.6,233224.55,2933.06,2452.22,0.0,0.0,0.0,0.0,,,,,16.38,19.4,13.9,281766.4,3702.76,2859.38,0.0,0.0,0.0,0.0,,,,,16.91,21.0,13.8,0.0,0.0,184.99999999999991,0.0
2006-04-12,978500.9,25404.76,9276.34,28.58,11.22,1.51,12.74,,,,,12.66,14.3,11.4,818846.91,11764.24,7780.12,4.76,4.39,14.05,7.14,,,,,12.98,14.5,11.7,573162.7,8173.86,5854.86,5.82,5.37,5.52,2.55,,,,,13.92,14.6,13.2,531620.95,9870.64,4000.0,11.11,7.32,7.53,6.63,,,,,14.44,16.4,12.5,0.0,0.0,2499.9999999999995,1.0
2006-05-08,1108297.18,15608.92,10782.04,0.52,0.0,0.0,0.0,,,,,11.12,11.9,10.4,1119240.09,16997.78,9117.49,12.41,0.55,0.0,0.0,,,,,11.49,12.5,10.8,888068.44,11819.86,9199.91,9.82,0.0,0.0,0.51,,,,,10.67,11.1,10.0,1282000.01,20846.22,11727.9,0.52,0.0,0.0,0.0,,,,,11.34,12.5,10.3,0.0,3.0,19.999999999999996,0.0
2006-06-14,1424540.79,27355.9,10693.84,4.14,1.65,3.82,2.09,,,,,7.29,8.9,5.9,662697.06,15977.41,5730.21,15.51,36.85,22.46,28.71,,,,,9.1,10.1,8.3,515928.05,6274.73,5630.5,2.07,0.55,0.0,0.0,,,,,9.06,10.1,8.3,544114.95,6949.22,5696.89,3.1,0.0,0.0,0.0,,,,,8.38,9.6,7.1,0.0,0.0,159.99999999999994,0.0
2006-07-19,2391521.11,29801.34,25797.23,0.0,0.0,0.0,0.0,,,,,7.55,8.3,6.6,2814519.11,35495.54,29611.83,0.0,0.0,0.0,0.0,,,,,7.28,8.1,6.1,3924884.97,60789.24,35495.54,0.52,1.01,0.0,1.04,,,,,7.87,8.5,7.3,5670475.57,88891.49,46923.21,9.82,1.01,0.96,2.09,,,,,7.48,8.1,7.0,0.0,7.0,110.00000000000004,0.0
2006-08-09,1368611.85,19580.26,10220.59,23.27,10.76,10.52,8.35,,,,,8.95,9.8,8.3,1293748.89,25917.75,11309.09,2.07,5.87,9.08,4.7,,,,,9.5,10.9,8.4,1138749.2,34899.33,6532.25,17.06,15.65,18.64,15.14,,,,,9.17,9.5,8.7,703807.81,9911.3,6861.95,0.0,0.0,0.0,0.0,,,,,9.58,10.3,8.7,0.0,0.0,144.99999999999997,0.0
2006-09-13,488766.31,6105.05,5276.69,1.04,0.49,0.0,0.0,,,,,10.78,12.3,9.0,601154.38,8286.05,5580.92,0.0,0.49,0.0,0.0,,,,,10.66,13.3,8.2,475424.95,8166.24,5013.51,0.52,0.0,0.0,0.0,,,,,10.44,11.9,9.3,425971.75,5078.66,4820.6,4.67,6.36,4.3,3.62,,,,,9.96,10.9,8.5,0.0,0.0,64.99999999999999,0.0
2006-10-11,944309.97,15277.32,8820.24,6.23,3.92,4.44,5.71,,,,,9.83,11.3,8.5,802947.77,10805.12,8494.52,5.19,6.86,3.55,4.15,,,,,11.16,12.3,10.2,883842.54,11687.27,8656.75,0.52,0.0,0.0,0.0,,,,,12.32,14.9,10.2,843132.44,10668.87,8738.34,1.04,0.49,0.0,0.0,,,,,9.2,10.7,7.3,0.0,2.0,110.00000000000004,0.0
2006-11-15,968790.14,12359.16,10043.85,0.0,0.0,0.0,0.52,,,,,16.09,19.1,13.3,1895178.38,39492.8,12310.5,0.0,0.0,0.0,0.0,,,,,12.87,15.9,9.8,2050701.38,27207.14,22531.99,8.37,8.82,6.54,4.67,,,,,11.78,13.1,10.7,2264719.52,29888.21,23299.5,0.52,1.96,0.0,0.52,,,,,12.19,14.6,10.0,0.0,7.0,2600.0,1.0
2006-12-13,692297.28,9120.96,6972.87,0.0,0.0,0.0,0.0,,,,,17.78,21.5,14.5,764154.18,9368.8,7921.62,0.0,0.0,0.0,0.0,,,,,15.37,19.4,11.3,1045522.02,15130.41,9368.8,0.0,0.0,0.0,0.0,,,,,12.43,14.7,9.9,1119076.31,14915.49,8875.78,14.28,3.43,1.4,2.02,,,,,12.98,14.7,11.5,0.0,1.0,129.99999999999997,0.0
2007-01-17,260434.35,3139.69,2856.93,0.0,0.51,0.0,0.0,,,,,21.61,26.51,17.01,305155.33,3817.09,3139.69,0.0,0.0,0.0,0.0,,,,,21.39,25.92,18.23,327988.1,4185.21,3547.53,3.7,0.51,0.49,0.99,,,,,20.9,23.34,18.54,403462.67,5282.18,3938.74,0.0,0.0,0.0,0.0,,,,,20.67,22.45,18.66,0.0,0.0,19.999999999999996,0.0
2007-02-14,159540.18,1920.6,1721.85,0.0,0.0,0.0,0.0,,,,,19.01,24.8,14.1,173353.6,2101.5,1869.14,0.0,0.51,0.0,0.0,,,,,19.2,23.8,15.4,186639.58,2231.2,2075.94,0.0,0.0,0.0,0.0,,,,,19.46,25.11,14.52,200205.06,2390.98,2178.95,0.0,0.51,1.96,0.96,,,,,19.99,23.53,17.32,0.0,0.0,40.0,0.0
2007-03-14,135276.19,2997.42,1114.08,40.2,11.16,3.95,7.66,,,,,18.98,22.48,15.83,96304.57,1144.23,1099.26,0.53,0.51,2.19,0.96,,,,,20.44,23.85,18.02,100573.31,1206.47,1114.08,0.0,0.0,0.0,0.0,,,,,20.3,25.54,15.99,111882.48,1391.04,1190.67,0.0,0.0,0.0,0.0,,,,,19.66,25.51,14.97,0.0,0.0,2149.9999999999995,1.0
2007-04-11,194545.78,2333.61,2175.06,0.0,0.0,0.0,0.0,,,,,14.47,15.9,13.0,217139.12,2663.24,2333.61,0.0,0.0,0.0,0.0,,,,,15.31,18.5,12.5,249405.29,3082.57,2663.24,0.0,0.0,0.0,0.0,,,,,15.75,18.8,13.3,301201.73,3969.34,3082.57,0.0,0.0,0.0,0.0,,,,,15.19,17.4,13.3,0.0,0.0,349.9999999999999,0.0
2007-05-09,175919.91,2149.4,1905.77,0.0,0.49,0.0,0.0,,,,,13.58,15.4,11.7,194924.02,2360.79,2123.95,0.0,0.0,0.4,1.57,,,,,14.48,16.2,13.3,219675.36,2745.82,2360.79,0.0,0.0,0.0,0.52,,,,,13.06,14.2,12.0,250840.5,3082.57,2745.82,0.0,0.0,0.0,0.0,,,,,12.4,13.9,11.0,0.0,0.0,74.99999999999997,0.0
2007-06-13,2716939.48,59670.43,15346.87,2.17,0.54,0.0,0.53,,,,,8.63,9.39,7.88,1609457.22,48010.75,8553.01,8.54,13.5,16.6,12.77,,,,,8.57,9.67,7.55,915452.59,13403.47,8673.49,0.0,2.16,1.01,0.53,,,,,7.31,7.84,6.84,2174904.62,44321.81,13403.47,0.53,2.16,0.5,0.53,,,,,8.3,9.23,7.73,0.0,2.0,85.00000000000001,0.0
2007-07-17,1001746.34,11924.62,11264.18,0.0,0.0,0.0,0.0,,,,,5.99,7.0,4.8,1048917.08,12505.75,11686.58,0.0,0.0,0.0,0.0,,,,,5.37,6.5,4.0,1153422.92,14384.95,12261.92,0.0,0.0,0.0,0.53,,,,,5.7,6.6,4.5,1423918.06,19384.62,14384.95,2.44,0.54,0.0,0.0,,,,,6.71,7.9,6.0,0.0,2.0,245.0000000000001,0.0
2007-08-21,1190577.73,14524.46,12138.34,3.74,0.0,2.75,0.0,,,,,8.83,9.1,8.5,1704765.32,27713.15,14470.95,2.14,3.37,1.84,2.91,,,,,8.93,9.4,8.4,1473718.62,19458.19,15554.95,13.35,9.64,16.98,17.44,,,,,9.02,9.6,8.5,1004658.39,15885.82,10188.58,1.6,6.75,5.97,5.81,,,,,8.09,8.8,7.7,0.0,2.0,40.0,0.0
2007-09-18,661967.58,9058.79,6624.87,0.0,0.48,0.46,0.0,,,,,12.26,13.8,10.7,575273.39,7289.98,6301.41,7.48,1.93,1.39,4.03,,,,,12.13,13.5,10.5,609461.76,7935.53,6141.95,2.14,1.93,0.46,4.54,,,,,12.32,14.1,10.8,566033.35,6954.4,6181.67,0.53,0.48,0.0,0.0,,,,,11.32,12.8,9.8,0.0,0.0,175.00000000000006,0.0
2007-10-16,1488038.0,22502.6,14739.22,12.82,10.61,13.46,8.16,,,,,9.65,10.82,8.33,1233155.81,20352.0,10809.48,17.09,9.64,6.03,6.35,,,,,11.94,12.75,10.04,1632510.37,26106.68,11888.26,0.53,0.0,0.46,0.0,,,,,11.42,13.17,9.38,923290.32,25725.88,7804.72,20.29,7.23,6.96,6.35,,,,,13.33,14.72,11.49,0.0,1.0,3249.9999999999973,1.0
2007-11-20,456642.38,5767.22,4799.82,0.0,0.0,0.0,0.0,,,,,18.09,22.8,13.4,574700.33,7456.23,5767.22,0.0,0.0,0.0,0.0,,,,,16.74,21.3,12.3,909284.96,15323.38,7456.23,0.0,0.0,0.0,0.0,,,,,14.66,19.0,10.4,1110240.46,25403.52,6754.06,7.48,9.29,15.31,16.33,,,,,13.51,16.3,11.6,0.0,0.0,49.99999999999999,0.0
2007-12-18,124713.21,1500.0,1340.75,0.0,0.0,0.0,0.0,,,,,21.09,29.1,16.8,132945.49,1593.09,1481.74,0.0,0.0,0.0,0.0,,,,,21.25,30.7,16.8,138390.28,1709.35,1555.44,0.0,0.0,0.0,0.0,,,,,21.16,28.2,17.3,142774.32,1709.35,1574.19,0.0,0.0,0.0,0.0,,,,,21.96,30.8,16.8,0.0,0.0,110.00000000000004,0.0
2008-01-22,104877.82,1290.23,1161.76,0.0,0.0,0.0,0.0,,,,,23.56,26.3,20.6,101254.55,1273.67,1071.39,0.0,0.0,0.0,0.0,,,,,20.91,25.7,16.2,97622.8,1177.32,1071.39,0.0,0.0,0.0,0.0,,,,,20.64,23.6,18.2,103671.53,1257.26,1100.95,0.0,0.0,0.0,0.0,,,,,23.54,27.8,20.3,0.0,0.0,540.0000000000002,1.0
2008-02-19,267635.47,3485.75,2664.34,0.3,0.0,0.0,0.0,,,,,19.62,22.6,17.5,303283.29,4835.79,2864.43,1.59,1.01,0.0,0.0,,,,,18.92,21.8,16.8,477273.4,10373.36,1729.22,8.04,6.07,10.27,8.82,,,,,17.92,20.1,16.1,129429.09,1729.22,1410.1,11.02,7.08,6.36,4.41,,,,,20.16,22.4,18.2,0.0,0.0,49.99999999999999,0.0
2008-03-18,109789.54,1296.36,1193.55,0.03,0.0,0.0,0.0,,,,,17.13,21.76,13.18,117745.79,1403.21,1296.36,0.03,0.0,0.0,0.0,,,,,17.34,20.09,15.22,125731.14,1514.4,1403.21,0.03,0.0,0.0,0.0,,,,,17.86,21.72,14.37,130357.8,1558.08,1430.55,0.03,0.0,0.0,0.0,,,,,18.09,20.97,15.81,0.0,0.0,275.0000000000001,0.0
2008-04-15,91940.8,1131.33,1035.06,2.9,4.5,7.36,7.8,,,,,15.21,16.9,13.2,96408.04,1206.18,1058.75,0.0,0.0,0.0,0.0,,,,,15.01,17.6,12.3,104893.76,1283.29,1156.03,0.0,0.0,0.0,0.0,,,,,15.25,18.3,12.5,123117.83,1572.79,1283.29,0.0,0.0,0.0,0.0,,,,,14.93,18.2,12.0,0.0,0.0,570.0000000000002,1.0
2008-05-20,232675.9,2858.79,2233.24,0.0,0.0,0.0,0.0,,,,,8.71,10.2,7.0,258891.1,3179.78,2814.81,0.0,0.0,0.0,0.0,,,,,9.21,10.9,7.6,292368.33,3626.34,3179.78,0.97,0.0,0.0,0.0,,,,,8.94,10.3,7.2,340078.11,4334.65,3600.53,0.0,0.0,0.0,0.0,,,,,9.37,10.9,7.6,0.0,0.0,132.3,0.0
2008-06-17,260865.95,3132.51,2903.23,0.0,0.0,0.0,0.0,,,,2.87,9.14,10.4,7.4,285919.91,3498.47,3132.51,0.0,0.0,0.0,0.0,,,,0.0,10.19,11.7,9.1,312801.71,3704.47,3473.25,0.0,0.0,0.0,0.0,,,,0.0,10.87,12.0,9.9,334308.66,4054.69,3678.31,0.97,0.0,0.0,0.0,,,,0.0,10.5,11.6,9.5,0.0,0.0,130.99999999999994,0.0
2008-07-16,919591.19,12289.28,9132.66,0.0,0.0,0.0,0.0,0.0,,,0.0,8.1,9.1,7.4,1321260.02,19439.84,12289.28,0.0,0.0,0.48,0.0,,,,0.0,7.42,8.1,6.3,2562654.96,54534.46,19439.84,1.11,0.0,0.48,0.0,,,,0.0,7.77,9.2,6.7,2649224.14,57961.84,10805.78,14.37,18.88,22.13,0.0,,,,0.0,8.47,8.8,7.4,0.0,2.0,12.599999999999996,0.0
2008-08-07,1849357.15,23789.12,20181.59,1.57,0.0,0.0,0.0,0.49,,,0.5,8.16,9.4,6.9,2339097.85,29428.46,23732.42,16.18,3.48,0.0,0.59,0.52,,,0.0,8.16,9.1,7.5,2075920.39,28703.61,22106.88,9.92,4.47,1.44,1.76,5.89,,,0.5,8.88,9.8,8.1,2275797.34,28721.29,24294.42,1.57,5.96,3.85,4.1,1.57,,,0.5,8.96,9.7,8.3,0.0,7.0,101.89999999999999,0.0
2008-09-04,673438.95,8012.16,7345.62,0.0,0.0,0.0,0.0,0.0,0.0,,0.0,10.13,11.61,8.41,731615.34,8842.16,7967.01,0.0,0.0,0.0,0.0,0.0,0.0,,0.0,10.24,12.52,8.02,823998.94,10144.34,8842.16,0.0,0.0,0.0,0.0,0.0,0.0,,0.0,9.65,11.82,7.33,943309.65,11621.83,10144.34,0.0,0.0,0.0,0.0,0.0,0.0,,0.0,9.15,11.23,7.14,0.0,2.0,14.5,0.0
2008-10-09,3029290.9,70183.52,22116.22,9.41,1.55,4.81,0.0,3.14,8.0,,1.0,11.01,12.5,9.4,1576150.12,28623.34,14173.71,21.97,30.05,23.08,24.35,1.6,0.79,,0.0,12.1,12.9,11.4,2168060.23,51151.64,15631.71,3.14,0.6,0.0,0.0,7.76,9.29,,7.37,10.79,12.5,9.0,2485081.15,80156.82,4411.18,25.11,39.48,41.36,43.04,1.05,1.0,,0.0,12.78,14.5,10.2,0.0,3.0,1732.8999999999996,1.0
2008-11-06,464029.24,6920.51,4921.7,12.14,12.38,5.62,8.38,1.75,2.0,,5.01,13.93,15.2,11.6,468981.8,5915.89,4921.7,0.58,0.0,0.43,0.49,2.01,5.0,,4.5,14.56,16.6,13.0,599624.47,9016.46,5874.09,0.0,0.0,0.0,0.0,0.0,0.0,,0.48,13.49,14.9,11.5,888836.77,19877.46,5346.11,1.0,0.0,0.43,0.0,0.0,0.0,,0.0,13.73,16.8,10.8,0.0,0.0,1299.6999999999996,1.0
2008-12-04,581968.07,11433.25,4207.51,0.0,0.0,0.0,0.0,0.0,0.0,,0.0,18.73,21.9,15.9,500356.13,11433.25,2697.94,0.0,6.95,4.75,4.93,0.0,0.0,,0.0,18.38,20.2,17.0,213669.4,2697.94,2401.18,13.43,10.3,6.91,6.91,0.0,1.15,,1.0,20.3,21.8,18.7,244587.03,3209.55,2521.36,0.0,0.0,0.0,0.0,7.8,6.1,,3.12,21.33,26.1,17.0,0.0,0.0,142.00000000000003,0.0
2009-01-15,233819.46,2890.43,2500.0,0.0,0.0,0.0,0.0,0.0,0.0,,0.0,20.31,24.5,16.4,296931.36,4029.01,2890.43,0.0,0.0,0.0,0.0,0.0,0.0,,0.0,20.28,24.2,16.9,409330.09,5684.25,4029.01,0.0,0.0,0.0,0.0,0.0,0.0,,0.0,19.51,23.5,15.7,277522.74,5858.6,2075.71,3.77,6.26,6.48,4.93,0.0,0.0,,0.0,17.57,18.5,16.9,0.0,0.0,31.0,0.0
2009-02-12,2003317.28,71029.74,9946.89,3.16,1.3,1.16,1.09,6.76,10.73,,8.38,20.38,22.9,18.2,253786.56,13006.99,987.86,46.99,48.99,51.74,37.47,1.05,0.52,,0.5,22.03,22.8,21.2,81266.27,987.86,916.58,8.24,4.76,6.96,3.8,14.85,13.34,,6.98,23.75,27.2,21.3,85594.23,1024.82,940.05,0.0,0.0,0.0,0.0,4.23,2.65,,2.5,23.69,28.5,20.1,2.0,0.0,1300.0,1.0
2009-03-05,430080.3,5207.4,4785.84,0.0,0.0,0.0,0.0,0.0,0.0,,0.0,18.07,22.1,14.1,499009.99,6823.85,4978.04,0.0,0.0,0.0,0.54,0.0,0.0,,0.0,17.3,18.8,16.2,756262.68,10675.46,6823.85,0.0,0.0,0.0,0.0,0.0,0.5,,0.5,18.22,20.6,16.6,1150647.1,20816.01,4659.97,0.66,16.57,4.64,5.97,0.0,0.0,,0.0,17.43,19.5,15.4,0.0,0.0,90.99999999999997,0.0
2009-04-23,219276.59,3118.92,2182.98,0.0,0.0,0.0,0.0,0.0,0.0,0.0,0.0,11.07,13.7,8.6,192149.32,3694.35,1485.5,0.0,0.0,0.0,0.0,0.0,0.0,0.0,0.0,12.28,14.5,10.8,129690.83,1528.3,1485.5,3.31,0.0,0.0,0.0,0.0,0.0,0.0,0.0,13.93,14.8,12.2,131537.17,1542.54,1500.0,0.0,0.0,0.0,0.0,1.24,0.0,0.0,0.0,14.31,16.4,12.1,0.0,0.0,115.00000000000001,0.0
2009-05-07,290297.1,4079.03,2981.11,10.73,12.8,5.36,6.52,0.51,0.45,0.36,0.5,10.86,11.8,10.1,349588.98,5095.04,3237.65,4.09,0.0,0.61,1.09,2.32,3.0,1.41,1.5,10.41,12.1,8.6,475662.52,6187.3,3856.77,0.66,0.0,0.0,0.0,2.04,0.5,1.0,0.5,10.87,11.9,9.8,384879.77,5063.19,2762.74,0.0,0.0,0.0,0.0,0.66,0.0,0.0,0.0,10.88,12.2,9.6,1.0,0.0,548.0000000000002,1.0
2009-06-11,442160.75,5298.04,4999.41,2.04,11.64,9.73,8.68,0.0,0.5,0.5,0.0,7.56,8.7,6.6,470174.86,5819.56,5130.81,1.02,0.0,1.34,1.16,1.53,6.84,6.16,4.29,5.59,6.9,4.4,567771.14,7694.93,5783.86,0.0,0.0,0.0,0.0,0.51,0.5,1.0,0.5,4.63,5.7,3.3,953012.04,15006.77,7694.93,0.51,0.0,0.0,0.0,0.0,0.0,0.0,0.0,5.84,7.4,4.8,0.0,0.0,55.000000000000014,0.0
2009-07-09,1528013.48,21162.62,14616.2,10.7,5.72,5.84,8.68,0.45,0.0,0.0,0.0,7.21,7.8,6.4,1304157.08,16974.95,13937.48,9.23,0.0,0.0,2.89,3.6,2.0,2.56,2.5,6.87,7.9,6.0,1765792.05,23491.13,16974.95,1.51,1.86,3.66,5.54,1.83,0.5,0.0,1.0,7.23,8.0,6.7,1632760.07,22717.92,16780.24,7.18,25.87,30.77,18.18,0.51,0.5,2.1,1.25,7.15,7.7,6.7,0.0,6.0,46.699999999999996,0.0
2009-08-06,1008697.62,13015.48,10582.55,1.53,0.0,0.0,0.0,1.53,0.5,0.0,0.0,7.97,9.2,6.8,1104435.93,14023.91,11175.38,3.58,3.73,2.19,2.89,1.02,1.0,0.0,0.5,7.75,9.0,6.6,1242101.35,15892.75,13278.36,0.0,0.0,0.0,0.0,1.53,2.5,1.35,1.5,7.77,9.1,6.7,2019627.81,48936.79,14401.93,9.2,8.45,5.24,5.21,0.51,0.0,0.0,0.0,7.45,8.8,6.4,0.0,2.0,13.0,0.0
2009-09-10,371811.64,4468.76,4139.7,0.0,0.0,0.0,0.0,0.0,0.0,0.0,0.0,9.71,12.6,6.7,402205.46,4848.01,4438.11,0.0,0.0,0.0,0.0,0.0,0.0,0.0,0.0,9.38,12.1,6.5,438533.5,5282.73,4815.6,0.0,0.0,0.0,0.0,0.0,0.0,0.0,0.0,9.27,12.1,6.4,477729.41,5778.65,5248.41,0.51,0.0,0.0,0.0,0.0,0.0,0.0,0.0,8.65,11.3,5.8,0.0,0.0,6.0,0.0
2009-10-15,1383673.44,17785.48,13702.68,12.71,9.29,5.73,6.48,3.03,5.5,3.56,2.61,10.94,11.8,9.5,1556054.31,24821.58,13702.68,0.0,0.0,0.0,0.0,5.45,6.01,3.15,3.51,11.18,12.9,9.2,1421833.05,19210.8,13225.64,0.0,0.0,0.0,0.0,0.0,0.0,0.0,0.0,11.08,12.5,9.5,1324135.81,18256.02,13225.64,1.82,0.0,0.0,0.54,0.0,0.0,0.0,0.0,9.77,12.8,7.0,0.0,3.0,487.3999999999998,0.0
2009-11-05,661815.18,8306.95,7027.14,0.0,0.0,0.0,0.0,0.61,0.0,0.0,0.0,14.56,16.1,12.8,742093.79,8881.18,8264.08,4.24,2.09,4.95,3.78,0.0,0.0,0.0,0.0,14.29,16.6,12.4,763384.36,9297.11,8350.01,3.03,3.94,1.69,1.08,1.21,1.0,1.93,1.0,13.31,14.5,12.3,889644.31,10983.1,9297.11,0.0,0.0,0.0,0.0,0.61,1.42,0.99,0.5,13.54,16.7,10.7,0.0,0.0,46.0,0.0
2009-12-10,582992.83,7252.63,6224.72,0.0,0.0,0.0,0.0,0.0,0.0,0.0,0.0,17.95,21.2,14.9,706396.94,9391.58,7252.63,0.0,0.0,0.0,0.0,0.0,0.0,0.0,0.0,16.45,19.8,13.4,847480.18,12927.71,8221.39,0.0,0.0,0.0,0.54,0.0,0.0,0.0,0.0,16.46,18.9,14.6,831078.75,10611.19,8524.1,8.47,1.78,0.0,1.62,0.61,0.0,0.0,0.5,16.65,19.0,13.9,0.0,2.0,119.99999999999997,0.0
2010-01-21,296767.7,3637.96,3228.73,0.0,2.01,0.0,6.48,15.45,1.5,2.0,2.34,21.86,25.3,18.7,351060.29,4649.51,3637.96,0.0,0.0,0.0,0.0,0.0,1.0,0.0,5.5,20.92,24.4,17.6,512779.78,6990.21,4649.51,0.0,0.0,0.0,0.0,0.0,0.0,0.0,0.0,19.06,23.6,15.0,728987.81,10983.1,6953.47,1.03,0.5,0.0,0.54,0.0,0.0,0.0,0.0,16.71,19.7,13.9,0.0,0.0,139.99999999999994,0.0
2010-02-04,1556254.07,22723.41,14385.59,0.0,0.0,0.0,0.0,0.0,0.0,0.0,0.0,18.1,21.4,15.5,3853214.14,88651.7,22723.41,0.0,0.0,0.0,0.0,0.0,0.0,0.0,0.0,16.27,19.3,13.5,10529372.11,183974.41,86148.39,1.55,2.52,0.0,5.65,0.0,0.0,0.0,0.0,15.37,17.4,13.9,2906462.52,152139.75,7101.56,18.54,9.46,0.0,16.5,1.03,1.23,0.5,2.48,18.12,20.9,14.9,0.0,3.0,135.00000000000003,0.0
2010-03-18,163008.41,2050.4,1753.41,7.01,3.02,0.0,0.87,0.0,0.0,0.0,0.0,15.7,17.1,13.4,159426.16,1897.56,1770.95,0.0,0.0,0.0,0.0,4.37,1.0,0.5,0.5,18.81,22.0,17.1,170312.1,2070.11,1860.71,0.0,0.0,0.0,0.0,0.0,0.0,0.0,0.0,18.59,21.6,16.3,185884.24,2317.29,2011.37,0.0,0.0,0.0,0.0,0.0,0.0,0.0,0.0,16.96,21.0,13.2,0.0,0.0,219.00000000000003,0.0
2010-04-15,144824.21,1736.0,1587.54,5.34,2.52,6.82,2.61,0.54,0.5,0.0,0.0,15.77,17.8,14.5,143724.99,1719.02,1603.56,0.0,0.0,0.0,0.0,1.62,1.0,3.5,0.91,14.93,17.3,12.4,153133.34,1860.71,1685.43,0.0,0.0,0.0,0.0,0.0,0.0,0.0,0.0,13.94,16.9,11.1,169985.47,2109.95,1824.4,0.0,0.0,0.0,0.0,0.0,0.0,0.0,0.0,13.39,16.5,10.5,0.0,0.0,90.99999999999997,0.0
2010-05-06,233334.46,3072.03,2295.95,0.0,0.98,0.6,0.0,0.0,0.0,0.0,0.0,10.95,12.6,8.9,202666.31,2677.28,2232.73,0.0,0.0,0.0,0.0,0.0,1.0,1.0,0.0,12.86,14.6,11.6,223957.15,3046.34,2295.95,0.51,0.0,0.0,0.0,0.0,0.0,0.0,0.0,11.19,12.4,10.1,259604.06,3149.91,2150.33,0.0,0.0,0.0,0.0,0.5,0.0,0.0,0.0,12.29,13.7,10.8,0.0,0.0,34.00000000000001,0.0
2010-06-17,755441.68,10126.82,7735.85,1.03,0.0,0.0,0.0,0.0,0.0,0.0,0.0,6.94,8.1,5.9,965098.74,12170.11,10126.82,6.15,0.0,0.0,1.04,0.53,0.0,0.0,0.0,6.93,7.7,6.3,1015038.08,13610.97,10305.46,6.16,4.01,5.18,5.21,3.0,0.0,0.0,1.0,6.97,7.9,6.0,1159198.74,17799.67,11407.17,5.13,3.91,1.87,2.08,2.37,2.78,2.78,2.0,8.2,9.0,7.4,0.0,0.0,36.99999999999999,0.0
2010-07-08,5180492.81,92705.79,38066.22,20.15,3.11,0.0,3.67,1.94,0.5,0.0,0.5,7.61,8.0,7.2,3434558.29,82592.23,10171.35,31.67,5.18,0.58,6.73,3.0,0.5,0.5,1.0,8.01,8.5,7.4,911570.91,11080.55,10126.82,5.76,0.0,0.0,0.0,3.0,0.75,0.91,1.5,7.46,8.1,6.9,1014027.53,12364.4,11080.55,0.0,0.0,0.0,0.0,1.0,0.0,0.0,0.0,7.82,8.8,7.0,0.0,3.0,129.99999999999997,0.0
2010-08-05,650906.3,11966.25,6755.09,11.52,20.45,24.62,18.98,2.0,1.5,1.41,0.5,9.13,9.7,8.6,720735.67,11035.57,7081.47,0.0,0.0,0.0,0.61,3.0,3.0,2.99,3.19,8.62,9.6,7.1,937936.16,18948.87,6981.9,4.8,3.43,2.3,1.22,0.0,0.0,0.5,0.0,9.14,10.7,8.1,620914.7,7493.95,6949.03,0.96,2.36,4.9,4.28,3.0,2.5,2.26,2.0,6.79,8.3,5.7,0.0,0.0,613.0000000000001,1.0
2010-09-09,2456941.2,40095.4,17916.33,0.0,0.0,0.0,0.0,3.0,3.83,4.75,4.0,9.93,11.6,8.2,5169216.36,134969.11,35846.9,6.05,0.51,0.0,0.0,0.0,0.0,0.0,0.0,9.67,10.9,8.8,6592870.01,217319.58,13855.96,45.88,45.49,54.57,40.39,1.5,0.5,0.0,0.0,9.46,10.6,9.0,1297518.27,16539.3,13855.96,1.01,0.41,0.0,0.52,6.58,6.8,6.09,5.44,8.21,9.1,7.1,1.0,5.0,117.00000000000003,0.0
2010-10-07,845823.97,10191.61,9278.78,0.0,0.0,0.0,0.0,0.0,0.0,0.0,0.0,12.08,13.4,10.8,949285.19,11602.0,10191.61,0.0,0.0,0.0,0.0,0.0,0.0,0.0,0.0,12.66,15.5,9.6,1120210.42,14905.92,11602.0,0.0,0.0,0.0,0.0,0.0,0.0,0.0,0.0,12.34,14.9,9.6,1479139.03,18884.63,14905.92,0.0,0.0,0.0,0.0,0.0,0.0,0.0,0.0,12.53,15.0,10.3,0.0,2.0,19.999999999999996,0.0
2010-11-04,437060.59,5327.47,4781.98,0.0,0.0,0.0,0.0,0.0,0.0,0.0,0.0,16.86,19.8,14.2,461851.31,5527.87,5098.86,0.0,0.0,0.0,0.0,0.0,0.0,0.0,0.0,15.5,19.8,11.4,506731.73,6103.5,5460.62,0.0,0.0,0.0,0.0,0.0,0.0,0.0,0.0,14.37,18.3,10.8,497985.69,6434.96,5427.16,2.02,0.0,0.0,0.53,0.0,0.0,0.0,0.0,14.46,17.2,12.4,0.0,0.0,9.000000000000002,0.0
2010-12-09,145874.38,1817.89,1544.04,0.0,0.0,0.0,0.0,0.0,0.0,0.0,0.0,18.32,21.7,15.8,152597.34,1852.28,1668.8,1.97,0.0,0.0,0.0,0.0,0.0,0.5,0.0,18.72,20.2,17.1,149753.45,1800.87,1621.16,0.49,0.55,0.0,0.0,1.23,0.0,0.0,0.0,19.59,22.0,17.6,153721.36,1852.28,1701.13,0.0,0.0,0.0,0.0,0.5,0.5,0.0,0.0,20.65,22.6,18.8,0.0,0.0,72.0,0.0
2011-01-13,130649.5,1574.54,1440.86,2.91,0.55,4.12,0.84,2.96,0.5,3.43,1.0,20.11,23.7,17.2,138188.42,1668.8,1499.13,0.0,0.0,0.0,0.0,0.0,0.0,0.57,0.0,21.04,25.6,17.3,142858.54,1717.47,1574.54,0.0,0.0,0.0,0.0,0.0,0.0,0.0,0.0,20.94,26.9,16.6,145057.96,1733.92,1621.16,0.0,0.0,0.0,0.0,0.0,0.0,0.0,0.0,19.34,22.1,17.8,0.0,0.0,100.00000000000004,0.0
2011-02-10,336521.19,4129.54,3634.36,0.0,0.0,0.0,0.5,0.0,0.0,0.0,0.0,20.07,23.4,17.3,393975.29,5100.96,4072.7,0.98,4.81,4.12,4.97,0.5,0.0,0.0,0.5,20.55,23.8,18.6,537102.08,7710.85,5100.96,0.0,0.0,0.0,0.0,0.5,1.12,2.0,2.18,22.96,25.6,20.7,830940.86,14239.1,7710.85,3.68,0.0,0.0,0.0,0.0,0.0,0.0,0.0,21.87,23.7,20.2,0.0,0.0,100.00000000000004,0.0
2011-03-10,220250.48,2960.77,2211.13,0.0,0.0,0.0,0.0,0.0,0.0,0.0,0.0,16.64,19.8,13.6,324616.27,4941.49,2937.41,0.0,0.0,0.0,0.0,0.0,0.0,0.0,0.0,15.62,19.1,12.5,636148.88,11085.48,4941.49,0.49,0.0,0.0,0.0,0.0,0.0,0.0,0.0,14.73,17.0,12.5,701999.95,15499.04,2536.51,21.63,17.4,14.76,19.27,0.5,0.0,0.0,0.0,16.79,19.4,14.1,0.0,0.0,100.00000000000004,0.0
2011-04-07,565144.71,7747.08,5328.99,0.49,0.52,0.0,0.0,8.6,1.0,2.5,8.19,14.1,16.2,12.1,318993.12,7856.26,2211.13,22.13,23.48,19.57,22.13,0.5,0.5,0.0,0.0,15.0,16.6,13.8,204046.55,2473.28,2211.13,0.49,0.0,4.12,1.66,5.71,4.72,4.5,5.8,17.1,19.1,15.9,228550.16,2937.41,2411.08,0.0,0.0,0.0,0.0,0.5,0.0,2.3,0.5,16.39,19.2,14.1,0.0,0.0,199.99999999999991,0.0
2011-05-12,275918.69,3368.25,3049.6,0.5,0.0,0.0,0.0,6.75,9.71,0.5,11.13,11.86,13.7,9.8,299941.91,3652.52,3293.05,0.0,0.0,0.0,0.0,0.5,0.0,0.0,0.0,12.51,13.3,11.5,333416.26,4146.63,3573.66,0.0,0.0,0.0,0.0,0.0,0.0,0.0,0.0,12.87,14.4,11.4,391656.09,4830.29,4118.23,0.0,0.0,0.5,0.0,0.0,0.0,0.0,0.0,12.8,14.7,11.1,1.0,0.0,579.0000000000002,1.0
2011-06-16,468251.95,5929.84,4931.83,0.0,0.0,0.0,0.0,0.5,0.0,0.0,0.0,10.42,11.2,9.9,574675.72,7400.79,5929.84,0.0,0.0,0.0,0.0,0.0,0.0,0.0,0.0,10.46,11.2,9.7,743813.22,10987.43,7400.79,1.49,0.0,0.0,0.0,0.0,0.0,0.0,0.0,10.41,11.5,9.4,1063699.44,16378.21,10138.51,4.82,0.54,0.5,0.56,0.94,0.0,0.0,0.0,10.29,11.1,9.6,0.0,0.0,24.000000000000004,0.0
2011-07-07,689829.53,10582.58,6095.36,13.86,19.98,25.6,26.32,1.54,2.18,1.5,1.45,7.78,8.3,7.2,439179.13,6095.36,4931.83,2.57,0.0,0.0,1.68,2.36,4.96,5.87,8.38,6.34,7.6,5.2,466427.98,5734.63,5110.87,0.5,0.0,0.0,0.0,1.0,0.0,0.0,0.5,6.11,7.3,5.0,536355.94,6783.38,5702.45,0.0,0.0,0.0,0.0,0.5,0.0,0.0,0.0,6.63,7.6,5.4,0.0,0.0,686.9999999999998,1.0
2011-08-04,614928.2,7588.08,6677.53,0.0,0.0,0.0,0.0,0.0,0.0,0.0,0.0,7.97,8.9,7.0,702564.83,8834.2,7550.42,0.0,0.0,0.0,0.0,0.0,0.0,0.0,0.0,8.09,9.5,6.8,848432.41,10987.43,8834.2,0.0,0.0,0.0,0.0,0.0,0.0,0.0,0.0,6.95,7.7,6.2,1233357.46,21844.71,10987.43,0.0,0.0,0.0,0.0,0.0,0.0,0.0,0.0,6.15,7.4,4.6,0.0,0.0,12.0,0.0
2011-09-08,428400.7,5171.38,4785.47,0.0,0.0,0.0,0.0,1.5,0.0,0.0,0.0,10.19,11.11,9.32,458982.68,5511.59,5110.87,0.0,0.0,0.0,0.0,0.0,0.0,0.0,0.0,10.56,11.93,9.23,499288.76,6062.05,5480.15,0.0,0.0,0.0,0.0,0.0,0.0,0.0,0.0,9.57,12.14,6.85,556273.06,6783.38,6028.84,0.0,0.0,0.0,0.0,0.0,0.0,0.0,0.0,9.48,11.96,7.36,0.0,0.0,11.000000000000002,0.0
2011-10-06,825231.57,10482.85,7625.85,1.47,0.55,0.97,0.57,0.5,0.0,0.5,1.0,12.84,14.8,11.1,955057.08,13833.6,6331.45,7.95,3.31,6.25,4.11,1.5,0.5,0.5,0.5,13.29,15.8,11.3,421831.59,6331.45,4066.21,18.5,25.9,27.68,20.97,5.08,4.5,4.05,4.39,12.58,13.6,12.1,364018.6,4361.97,4066.21,0.0,1.1,2.43,0.57,5.87,5.96,7.09,4.96,13.14,15.7,10.7,0.0,0.0,98.99999999999999,0.0
2011-11-10,585652.35,7070.19,6607.49,21.06,15.87,20.18,17.04,4.5,5.05,4.0,4.97,15.83,18.0,13.7,646646.68,8244.26,6854.46,0.0,0.0,0.0,0.0,5.71,2.84,4.5,4.64,14.89,15.7,14.2,942479.9,15169.13,8244.26,0.0,0.0,0.0,0.0,0.0,0.0,0.0,0.0,14.24,17.6,11.6,739793.29,9013.37,8323.42,11.27,2.12,2.48,2.15,0.0,0.0,0.0,0.0,12.85,14.7,11.1,0.0,0.0,12999.99999999999,1.0
2011-12-08,629848.86,9617.23,4196.27,1.47,3.18,0.51,2.15,0.0,0.0,0.0,0.0,16.94,18.9,15.4,342760.88,4719.75,3735.49,13.23,27.54,8.2,18.83,0.5,1.58,0.5,1.5,18.63,20.2,16.9,352397.52,4286.11,3876.16,0.0,1.06,1.13,1.61,7.1,10.77,5.0,7.66,19.02,21.1,16.9,377272.78,4848.0,4107.52,1.96,3.71,3.96,4.3,0.34,0.86,0.86,1.82,19.15,20.4,17.6,1.0,0.0,46.0,0.0
2012-01-19,599891.42,7544.36,6382.7,0.0,0.0,0.0,0.0,0.0,0.0,0.0,0.0,19.57,22.6,16.7,758563.92,10326.12,7544.36,0.0,0.0,0.0,0.0,0.0,0.0,0.0,0.0,18.54,22.8,14.3,958429.74,12586.41,9370.97,1.95,1.08,1.02,0.5,0.0,0.0,0.0,0.0,17.63,20.7,15.2,968203.6,12950.6,9459.86,5.89,2.15,0.0,0.0,0.99,0.5,0.5,0.5,16.64,18.5,15.2,0.0,0.0,77.00000000000001,0.0
2012-02-16,660947.2,11624.84,4679.66,9.46,1.08,0.0,3.09,0.0,0.0,0.0,0.0,18.77,20.2,17.4,367659.2,4900.55,3527.0,16.43,19.42,15.31,18.56,3.23,0.5,0.0,1.27,19.28,21.5,17.5,344238.46,4556.01,3553.55,0.5,0.0,0.0,0.0,3.5,5.46,3.5,4.63,19.42,21.3,17.7,528766.49,8976.33,4525.38,0.0,0.0,0.0,0.0,0.5,0.0,0.0,0.0,18.64,22.4,14.5,0.0,0.0,68.00000000000001,0.0
2012-03-08,462845.53,5911.88,4836.86,0.0,0.0,0.0,0.0,0.5,0.33,0.0,0.5,17.25,20.6,14.2,588245.65,7954.89,5911.88,0.0,0.0,0.0,0.0,0.0,0.0,0.0,0.0,15.87,18.5,13.3,870557.14,13055.63,7954.89,0.0,0.0,0.0,0.0,0.0,0.0,0.0,0.0,13.89,17.5,10.4,1978147.48,45621.86,13055.63,1.99,0.54,0.0,0.0,0.0,0.0,0.0,0.0,11.71,14.0,9.6,0.0,2.0,139.99999999999994,0.0
2012-04-19,282693.51,3417.92,3117.71,0.0,0.0,0.0,0.0,0.5,0.0,0.0,0.0,13.02,14.2,11.5,304998.56,3680.57,3366.75,0.0,0.0,0.0,0.0,0.0,0.0,0.0,0.0,13.42,15.6,11.0,327043.46,3926.65,3653.79,0.0,0.0,0.0,0.0,0.0,0.0,0.0,0.0,13.76,15.1,12.9,357407.53,4357.21,3898.85,0.0,0.0,0.0,0.0,0.0,0.0,0.0,0.0,13.2,15.6,10.7,0.0,0.0,110.00000000000004,0.0
2012-05-10,214479.41,2675.79,2315.09,3.8,4.32,6.52,5.13,1.96,0.5,0.0,0.0,12.05,13.3,11.2,203836.91,2438.65,2315.09,1.43,0.54,0.5,1.14,0.79,1.0,2.0,1.09,10.4,11.9,8.5,214978.04,2587.97,2397.01,0.0,0.0,0.0,0.0,0.5,0.5,0.0,0.5,9.84,11.8,7.8,230789.33,2788.11,2544.74,0.0,0.0,0.0,0.0,0.0,0.0,0.0,0.0,9.44,11.4,7.3,0.0,0.0,129.99999999999997,0.0
2012-06-14,681180.69,10094.34,6494.14,0.0,0.0,0.0,0.0,0.0,0.0,0.0,0.0,6.04,6.69,4.98,1147235.07,17631.29,10094.34,0.49,0.0,0.0,0.57,0.0,0.0,0.0,0.0,8.03,9.06,6.68,766158.51,13723.48,6569.02,12.35,0.54,1.0,1.14,0.5,0.0,0.0,0.28,9.7,10.66,9.06,775276.04,12950.6,4964.71,6.92,2.16,2.51,2.85,2.5,0.5,0.5,0.5,8.97,9.94,8.04,0.0,0.0,21.0,0.0
2012-07-12,569871.75,6998.22,6172.3,0.0,0.0,0.0,0.0,0.0,0.0,0.0,0.0,7.02,8.0,6.2,649593.11,8064.16,6962.79,0.5,0.0,0.0,0.0,0.0,0.0,0.0,0.0,6.83,7.6,5.7,758272.55,9756.14,8026.17,0.0,0.0,0.0,0.0,0.3,0.0,0.0,0.0,7.28,8.0,6.6,975355.58,13693.05,9711.97,0.0,0.0,0.0,0.0,0.0,0.0,0.0,0.0,6.07,7.0,4.9,0.0,2.0,32.0,0.0
2012-08-16,1091053.21,14764.82,11285.84,1.5,1.73,2.29,1.34,3.5,1.96,2.3,2.29,8.63,9.34,7.53,1163682.94,14764.82,11876.67,7.01,0.54,0.52,0.0,0.0,0.5,0.0,0.0,9.38,10.54,8.45,1022876.5,13640.47,10807.57,12.51,0.54,1.04,6.67,2.26,0.5,0.5,0.0,8.85,9.67,8.17,821012.48,11776.92,8410.1,9.01,14.47,19.28,15.02,4.5,0.5,1.0,4.5,8.43,8.89,8.0,0.0,0.0,289.99999999999994,0.0
2012-09-13,1434299.11,19685.72,14928.9,8.8,0.53,0.0,1.58,0.3,0.0,0.0,0.5,7.0,8.0,5.5,1870726.36,25468.23,19498.31,5.86,2.1,3.53,8.43,3.38,0.25,0.19,1.0,8.61,9.5,7.7,2585784.06,45287.98,20060.6,5.86,1.58,1.54,2.11,2.0,1.5,2.54,3.91,8.66,9.7,7.3,1607988.56,25925.47,13327.0,22.48,15.26,19.61,16.87,1.35,1.0,0.5,0.5,9.85,11.2,9.1,0.0,3.0,32.0,0.0
2012-10-11,761737.81,10159.5,7912.72,8.79,1.05,0.0,0.0,0.5,0.0,0.0,0.0,12.14,14.0,10.3,1061751.16,15370.67,9406.31,0.0,6.31,3.52,2.81,3.22,0.5,0.0,0.0,11.94,13.4,10.3,944288.36,12537.55,9277.24,4.4,2.11,0.0,1.88,0.0,5.5,1.2,2.5,11.06,12.7,9.3,1266098.08,19373.85,11141.01,5.38,1.05,0.5,0.0,4.0,0.5,0.0,0.5,10.27,12.8,7.6,0.0,0.0,323.9999999999999,0.0
2012-11-15,358542.03,4551.82,3822.31,0.0,0.0,0.0,0.0,6.02,1.5,0.0,0.0,12.39,14.6,10.5,343865.68,4737.72,3265.68,5.88,0.52,0.0,0.0,0.0,0.0,0.0,0.0,12.62,14.8,11.1,250613.54,3445.53,2473.19,6.37,1.03,1.0,0.0,1.88,0.5,0.0,0.0,14.37,17.9,11.9,205362.23,2494.58,2306.25,4.9,2.58,7.5,2.81,2.69,0.5,1.0,0.0,14.68,16.1,13.6,0.0,0.0,15.999999999999998,0.0
2012-12-13,193368.97,2347.01,2078.2,0.0,0.0,0.0,0.0,0.0,0.0,0.0,0.0,19.2,23.8,15.4,218270.35,2723.37,2327.12,0.0,0.0,0.0,0.0,0.0,0.0,0.0,0.0,19.16,22.6,16.8,265367.97,3554.14,2679.85,0.0,0.0,0.0,0.0,0.0,0.0,0.0,0.0,19.27,22.9,16.6,390910.35,5537.61,3554.14,0.0,0.0,0.0,0.0,0.0,0.0,0.0,0.0,17.37,21.4,13.8,0.0,0.0,12.0,0.0
2013-01-17,445205.3,7719.47,1369.49,10.29,5.16,3.0,4.02,6.12,6.0,3.17,4.79,18.5,20.2,17.0,112783.83,1666.02,1151.99,15.77,9.29,3.5,5.8,2.0,1.5,1.0,1.5,20.56,22.4,19.2,95795.09,1187.32,1066.08,2.96,1.55,3.5,1.79,7.5,8.43,1.0,4.0,21.6,23.8,20.0,101826.89,1288.86,1066.08,0.0,0.0,0.0,0.0,1.5,0.98,1.0,0.85,22.26,24.9,19.9,0.0,0.0,373.00000000000017,0.0
2013-02-28,76951.72,960.89,855.08,0.0,0.0,0.0,0.0,0.0,0.0,0.0,0.0,20.46,25.4,16.3,77928.75,938.91,865.2,0.0,0.0,0.0,0.0,0.0,0.0,0.0,0.0,20.01,25.2,15.5,80319.25,972.03,885.75,0.0,0.0,0.0,0.0,0.0,0.0,0.0,0.0,19.68,24.7,15.5,83112.97,1006.06,928.07,0.0,0.0,0.0,0.0,0.0,0.0,0.0,0.0,19.35,24.1,15.4,0.0,0.0,395.00000000000006,0.0
2013-03-14,60654.2,744.81,671.25,0.0,0.0,0.0,0.0,0.0,0.0,0.0,0.0,18.25,22.9,14.5,60223.23,719.65,679.14,0.0,0.0,0.0,0.0,0.0,0.0,0.0,0.0,18.68,22.7,15.7,62656.47,753.34,695.13,0.0,0.0,0.0,0.0,0.0,0.0,0.0,0.0,19.19,24.0,15.4,64624.02,770.61,719.65,0.0,0.0,0.0,0.0,0.0,0.0,0.0,0.0,19.28,24.1,15.2,0.0,0.0,406.99999999999983,0.0
2013-04-11,122250.64,1530.3,1151.38,0.0,0.0,0.0,0.0,0.0,0.0,0.0,0.0,12.8,15.6,10.0,100742.64,1310.9,1064.83,2.46,0.54,1.0,10.41,0.0,0.0,0.0,0.0,14.66,17.7,12.8,91459.7,1283.33,994.62,0.99,11.28,17.5,7.29,1.72,1.5,3.38,3.28,13.36,15.2,11.5,87857.0,1089.05,972.03,0.49,0.0,0.0,0.0,0.5,4.91,5.93,2.02,12.81,14.4,11.0,0.0,0.0,156.99999999999994,0.0
2013-05-16,130330.21,1561.24,1454.68,0.0,0.0,0.0,0.0,0.0,0.0,0.0,0.0,12.45,13.85,10.93,140973.34,1722.25,1561.24,0.0,0.0,0.0,0.0,0.0,0.0,0.0,0.0,13.68,15.29,12.47,151762.37,1824.59,1672.68,0.0,0.0,0.0,0.0,0.0,0.0,0.0,0.0,11.73,13.73,9.41,164569.03,2003.82,1807.26,0.0,0.0,0.0,0.0,0.0,0.0,0.0,0.0,11.22,13.07,9.45,0.0,0.0,119.99999999999997,0.0
2013-06-13,1276292.25,19211.88,13154.96,1.99,0.54,0.5,0.0,3.5,1.0,0.0,0.5,10.51,11.3,9.7,1112516.8,20889.91,8506.0,1.99,0.0,0.0,0.52,0.5,0.5,0.5,0.0,10.24,11.1,9.4,591628.58,14273.82,4060.68,1.49,0.0,0.0,0.0,1.0,0.0,0.0,0.47,9.8,11.4,9.0,424301.91,5535.72,4408.02,0.0,2.15,4.5,0.0,1.22,0.0,0.0,0.0,8.36,9.3,7.6,0.0,0.0,124.00000000000003,0.0
2013-07-11,782518.5,12707.23,8423.85,36.75,12.89,11.95,11.02,10.09,4.24,2.83,3.21,7.14,7.4,6.9,900314.77,11960.82,9182.42,0.99,0.54,1.5,0.52,4.89,2.4,3.0,1.5,7.09,7.9,5.8,1104311.39,14119.21,10897.74,5.47,2.68,0.0,1.04,0.5,0.5,1.5,0.34,8.3,9.0,7.5,940851.83,13054.96,9312.28,6.97,13.96,7.5,8.85,1.63,2.0,0.0,1.0,8.52,9.5,7.5,0.0,1.0,6212.0000000000055,1.0
2013-08-15,1508076.68,18547.5,15091.0,1.49,0.0,0.5,0.0,1.5,0.5,0.5,0.5,8.81,9.6,8.1,2135761.48,35370.72,18438.08,1.99,0.0,2.5,0.0,0.5,0.0,0.91,0.0,8.21,9.3,7.2,3105060.33,41712.13,31302.94,14.65,7.87,8.0,12.6,1.0,0.0,1.0,0.0,8.12,8.5,7.7,2371111.41,45991.09,6203.15,22.16,17.84,16.0,17.84,3.11,2.0,2.0,2.03,9.16,10.3,8.3,0.0,3.0,30.000000000000004,0.0
2013-09-12,666771.63,13711.94,6744.52,6.08,19.49,16.58,17.7,14.13,12.43,7.87,9.68,10.92,12.2,9.7,687455.52,8959.47,7044.24,0.0,0.0,0.0,0.0,2.37,3.0,6.21,4.58,10.04,11.0,8.7,1048925.19,15505.3,8959.47,1.49,0.0,0.0,0.0,0.0,0.0,0.0,0.0,9.74,11.7,7.8,1077858.01,15870.37,9090.68,4.48,0.0,0.0,0.0,0.76,0.0,0.0,0.0,9.69,11.6,8.2,0.0,0.0,2452.000000000001,1.0
2013-10-10,672141.48,8901.32,6977.29,8.17,9.97,8.5,6.17,1.0,0.5,0.5,0.5,12.48,13.6,11.1,594544.54,7092.13,6713.57,6.64,7.87,7.5,6.68,1.0,2.66,2.24,1.5,14.41,15.7,13.3,647184.34,7844.68,7092.13,0.0,0.0,0.0,0.0,1.5,2.5,2.5,2.5,14.65,16.3,13.3,733298.71,8989.11,7844.68,0.0,0.0,0.0,0.0,0.0,0.0,0.0,0.0,15.03,17.2,13.4,0.0,0.0,138.00000000000006,0.0
2013-11-14,428977.57,5096.02,4791.77,0.0,0.0,0.0,0.0,0.0,0.0,0.0,0.0,14.43,16.5,12.9,466258.22,5732.81,5065.17,0.0,0.0,0.0,0.0,0.0,0.0,0.0,0.0,15.68,17.4,14.1,543114.41,6893.43,5732.81,0.0,0.0,0.0,0.0,0.0,0.0,0.0,0.0,17.49,20.5,15.2,664450.65,8529.88,6856.02,0.0,0.0,0.0,0.0,0.0,0.0,0.0,0.0,16.81,19.7,14.6,0.0,1.0,30.000000000000004,0.0
2013-12-12,373877.11,4913.28,3834.21,0.51,0.0,0.0,0.0,0.0,0.0,0.0,0.0,17.81,20.3,16.0,393905.19,5615.34,3433.55,1.02,0.0,0.49,0.0,0.5,0.0,0.0,0.0,17.26,18.8,16.0,305391.31,3674.45,3454.94,11.23,0.53,0.99,1.54,1.28,0.0,0.5,0.0,18.19,20.7,16.3,340670.58,4124.21,3674.45,1.53,7.9,4.94,7.19,2.0,0.5,0.5,1.5,18.01,20.1,15.7,0.0,0.0,38.99999999999999,0.0
2014-01-30,332057.95,4410.89,3412.27,0.0,0.0,0.0,0.0,0.0,0.0,0.0,0.0,18.43,23.0,14.2,499072.64,8346.37,4410.89,0.0,0.0,0.0,0.0,0.0,0.0,0.0,0.0,16.59,19.4,13.4,1067088.22,26739.96,4855.42,0.0,0.54,0.0,1.47,0.0,0.0,0.0,0.0,16.83,18.8,15.1,248181.88,4855.42,2628.34,21.15,16.58,10.87,24.95,0.0,0.5,0.0,0.5,18.46,20.2,16.9,1.0,0.0,85.00000000000001,0.0
2014-02-20,200273.54,2403.83,2195.73,0.0,0.0,0.0,0.0,0.0,0.0,0.0,0.0,22.58,27.0,18.8,217171.63,2611.76,2373.09,0.0,0.0,0.0,0.0,0.0,0.0,0.0,0.0,20.9,24.5,17.5,241954.8,2969.96,2595.26,0.0,0.0,0.0,0.0,0.0,0.0,0.0,0.0,20.93,25.1,17.3,287516.51,3696.97,2969.96,0.0,0.0,0.0,0.0,0.0,0.0,0.0,0.0,19.2,23.8,15.0,0.0,0.0,133.99999999999997,0.0
2014-03-13,168431.55,2004.04,1866.01,0.0,0.0,0.0,0.0,0.0,0.0,0.0,0.0,19.4,22.4,17.3,180931.55,2153.27,1990.98,0.0,0.0,0.0,0.0,0.0,0.0,0.0,0.0,18.17,21.9,14.5,199301.17,2434.89,2153.27,0.0,0.0,0.0,0.0,0.0,0.0,0.0,0.0,18.03,21.6,14.6,229317.41,2894.87,2434.89,0.0,0.0,0.0,0.0,0.0,0.0,0.0,0.0,17.59,21.4,14.3,0.0,0.0,79.99999999999997,0.0
2014-04-10,3792707.45,65865.73,21196.85,1.51,1.07,1.54,1.53,4.0,0.5,0.5,0.0,14.34,15.4,13.4,1683684.52,44639.16,2203.19,9.57,0.0,0.0,2.03,0.5,0.5,0.85,1.0,16.0,18.3,14.4,138169.41,2203.19,1374.04,0.0,0.0,0.0,0.0,1.0,0.0,0.0,0.5,17.62,20.0,15.0,121551.35,1458.98,1387.96,0.0,0.0,0.0,0.0,0.0,0.0,0.0,0.0,16.98,19.5,15.1,0.0,1.0,188.0,0.0
2014-05-15,244561.3,3304.98,2647.2,9.29,7.44,5.16,17.29,1.87,0.5,0.5,0.89,12.33,13.0,11.7,229655.98,2764.9,2577.73,1.55,1.59,4.13,4.58,1.5,2.0,1.1,6.59,11.93,13.3,10.4,246772.78,2986.76,2741.16,0.0,0.53,0.0,0.0,1.0,1.0,2.12,2.5,11.1,12.2,9.9,274674.7,3415.37,2986.76,0.0,0.0,0.0,0.0,0.0,0.39,0.0,0.0,10.97,12.4,9.2,0.0,0.0,166.00000000000006,0.0
2014-06-12,5477003.85,119171.02,4216.96,20.25,0.0,0.52,1.02,0.5,0.0,0.0,0.38,9.65,10.5,8.9,346298.68,4280.25,3585.01,12.27,5.85,12.9,8.14,2.29,0.0,0.45,0.5,10.67,10.9,10.5,294459.87,3585.01,3332.38,6.71,7.44,11.86,7.12,2.56,1.45,2.13,2.0,10.45,11.0,9.8,307218.62,3671.65,3415.37,0.0,0.0,0.0,0.0,1.5,2.5,3.6,2.41,10.41,11.5,9.3,0.0,0.0,146.0,0.0
2014-07-17,416443.06,5046.85,4704.78,3.06,0.0,0.0,0.0,0.5,0.0,0.0,0.5,6.96,8.3,6.1,470101.38,5809.11,5046.85,0.0,0.0,0.0,0.0,0.5,0.0,0.0,0.0,7.82,8.6,6.8,552436.36,7087.97,5809.11,0.0,0.0,0.0,0.0,0.0,0.0,0.0,0.0,8.7,9.4,8.0,597357.04,7247.49,6734.92,1.02,0.52,1.08,1.04,0.0,0.0,0.0,0.0,9.23,10.7,8.2,0.0,1.0,12.0,0.0
2014-08-14,1778929.84,26841.13,17906.08,26.51,12.02,7.6,8.82,3.88,5.5,1.37,4.35,7.16,8.2,6.2,1906731.8,50159.41,8495.08,21.93,13.07,15.14,11.42,4.92,3.1,1.64,2.5,8.56,9.5,7.1,810123.2,10158.17,8624.81,0.51,2.09,4.95,1.04,4.64,3.03,4.0,2.0,8.31,10.0,6.9,970123.1,12520.42,10158.17,0.0,0.0,0.0,0.0,0.5,1.0,2.39,1.0,6.21,7.4,4.9,0.0,1.0,1229.9999999999998,1.0
2014-09-11,517443.18,6390.0,5511.71,0.0,0.0,0.0,0.0,0.0,0.0,0.0,0.0,10.75,13.0,8.5,606421.33,7735.69,6390.0,0.0,0.0,0.0,0.0,0.0,0.0,0.0,0.0,10.46,12.7,8.2,813990.47,11707.31,7735.69,0.51,0.0,0.0,0.0,0.0,0.0,0.0,0.0,10.31,12.6,8.5,1133284.48,16226.66,11707.31,0.0,0.0,0.0,0.0,0.5,0.0,0.0,0.0,10.08,11.1,9.1,0.0,1.0,4.0,0.0
2014-10-16,503918.9,6115.14,5330.22,0.0,0.0,0.0,0.0,0.0,0.0,0.0,0.0,14.5,18.3,11.5,537646.13,6427.92,5999.37,0.0,0.0,0.0,0.0,0.0,0.0,0.0,0.0,14.32,16.0,13.3,597121.95,7327.86,6427.92,0.0,0.0,0.0,0.0,0.0,0.0,0.0,0.0,14.3,17.3,10.9,688924.9,8495.08,7327.86,0.0,0.0,0.0,0.0,0.0,0.0,0.0,0.0,14.07,17.2,11.1,0.0,1.0,42.00000000000001,0.0
2014-11-13,1202773.29,20542.93,8755.44,21.97,16.7,15.78,9.61,2.3,3.22,2.88,2.25,11.96,13.5,10.4,762693.43,9331.94,8581.47,0.9,3.65,2.04,1.8,3.17,2.3,2.63,2.0,13.68,15.3,12.1,897245.74,11310.39,9331.94,0.0,0.0,0.51,0.0,0.5,1.95,1.0,1.5,14.24,15.3,13.3,1190406.09,17735.32,10679.09,0.0,0.0,0.0,0.0,0.0,0.0,0.5,0.0,14.27,17.6,10.6,0.0,0.0,9678.000000000007,1.0
2014-12-11,773983.23,62191.44,7207.46,37.21,29.14,31.05,15.62,3.38,0.5,1.33,1.0,15.89,16.6,14.7,698019.58,9108.2,7449.15,1.35,0.0,0.51,0.6,6.83,4.34,4.9,3.51,16.77,18.1,15.6,944364.76,14499.13,8581.47,0.0,0.51,0.0,0.0,0.53,0.0,0.5,0.5,17.4,21.0,14.0,750907.8,9649.39,8153.56,14.34,1.02,0.0,0.6,0.0,0.5,0.0,0.0,16.18,17.1,15.0,0.0,0.0,9678.000000000007,1.0
2015-01-29,105908.65,1250.97,1192.28,1.41,0.0,0.0,0.0,0.0,0.0,0.0,0.0,21.83,26.6,17.9,103489.59,1215.62,1180.68,0.0,0.0,0.0,0.0,1.0,0.0,0.0,0.0,21.48,24.7,18.2,104788.17,1239.14,1180.68,0.0,0.0,0.0,0.0,0.0,0.0,0.0,0.0,22.34,28.2,17.5,107877.49,1286.76,1203.92,0.0,0.0,0.0,0.0,0.0,0.0,0.0,0.0,22.41,28.1,17.7,0.0,0.0,1800.0000000000005,1.0
2015-02-19,113574.77,1347.91,1250.97,0.0,0.0,0.0,0.0,0.0,0.0,0.0,0.0,20.04,25.2,15.6,120162.49,1423.94,1323.0,0.0,0.0,0.0,0.0,0.0,0.0,0.0,0.0,19.37,24.7,14.9,127189.05,1515.12,1398.38,0.0,0.0,0.0,0.0,0.0,0.0,0.0,0.0,18.61,23.4,14.9,138598.85,1663.77,1515.12,0.0,0.0,0.0,0.0,0.0,0.0,0.0,0.0,18.35,22.6,15.4,0.0,0.0,119.99999999999997,0.0
2015-03-12,144824.49,1847.92,1515.12,0.0,0.0,0.0,0.0,6.72,0.5,7.0,3.0,20.04,22.7,17.9,193084.8,2788.89,1833.42,0.0,0.0,0.0,0.0,0.0,0.0,0.0,0.0,19.04,21.9,16.4,404473.55,8648.75,2788.89,0.0,0.0,0.0,0.0,0.0,0.0,0.0,0.0,17.58,19.2,16.0,368687.68,11285.18,1528.36,5.63,3.58,7.86,6.18,0.0,0.0,0.0,0.0,18.23,21.3,16.0,0.0,0.0,209.99999999999994,0.0
2015-04-16,1217367.22,18966.88,10846.09,0.0,0.52,0.0,0.0,0.0,0.0,0.0,0.0,10.36,12.2,8.9,2783121.01,69553.02,18966.88,10.28,1.04,0.0,0.51,0.0,0.5,0.0,0.0,9.84,10.7,9.0,1642766.52,69848.03,8648.75,34.41,37.95,40.82,39.42,3.07,0.5,0.0,0.5,12.79,13.4,10.5,1130040.79,19415.38,9325.4,0.0,0.0,0.0,0.0,7.17,5.45,9.5,8.36,13.89,14.9,13.2,2.0,5.0,149.99999999999997,0.0
2015-05-14,931818.47,13881.15,7959.86,0.0,0.0,0.0,0.0,3.02,7.44,5.93,5.14,11.41,12.5,10.2,539457.97,11833.53,5025.55,17.4,16.28,19.44,12.69,0.0,0.0,0.0,0.0,12.31,12.7,11.4,481296.03,6096.85,5119.31,0.47,0.53,5.83,0.0,9.93,4.1,5.0,4.46,12.32,13.7,10.8,566642.08,7505.94,6025.86,2.35,0.0,0.0,0.0,0.5,0.5,3.0,0.0,12.85,14.3,11.7,0.0,0.0,129.99999999999997,0.0
2015-06-11,542968.2,6912.82,6132.55,18.34,10.51,9.71,14.35,4.09,4.65,4.76,5.51,10.91,12.3,9.8,574926.94,6990.18,6313.03,0.47,0.0,0.51,0.0,7.85,3.78,3.0,4.41,10.03,11.1,9.1,642586.92,7876.14,6990.18,0.47,0.0,0.0,0.0,0.5,0.0,0.5,0.0,8.32,9.5,7.1,724001.6,8960.8,7876.14,1.88,0.53,0.0,0.0,0.5,0.0,0.0,0.0,9.11,10.0,8.3,1.0,0.0,2300.000000000001,1.0
2015-07-16,657829.11,7854.72,7488.1,4.58,3.28,3.07,3.05,1.0,1.0,1.0,1.96,6.06,7.7,5.0,703215.34,8619.32,7690.48,0.0,0.0,0.0,0.0,1.25,0.5,0.5,1.0,4.83,5.9,3.5,796092.03,9844.65,8619.32,0.0,0.0,0.0,0.0,0.0,0.0,0.0,0.0,5.52,6.4,4.4,914360.95,11032.13,9844.65,1.14,0.0,0.0,0.0,0.0,0.0,0.0,0.0,7.03,8.1,6.2,0.0,1.0,48.00000000000001,0.0
2015-08-13,741805.79,8972.57,7937.61,0.91,0.0,0.0,0.0,0.0,0.0,0.0,0.0,6.64,8.2,5.3,804667.12,9986.6,8927.97,4.54,0.0,0.0,2.03,0.5,0.0,0.0,0.0,5.91,7.3,4.4,947787.78,12168.03,9986.6,0.46,0.0,0.0,0.0,1.5,0.0,0.0,1.0,6.22,7.3,5.1,1270491.31,17799.43,12117.51,5.0,0.0,0.0,0.0,0.39,0.0,0.0,0.0,6.4,7.5,5.5,0.0,0.0,12.0,0.0
2015-09-10,709647.64,8663.03,7731.35,0.0,0.0,0.0,0.0,2.5,1.0,1.5,2.0,9.5,11.2,8.1,805411.43,10081.89,8575.75,0.0,0.0,0.0,1.01,0.0,0.0,0.0,0.0,8.74,10.4,7.2,995602.21,12834.09,10081.89,0.0,0.0,0.0,0.0,0.0,0.0,0.0,1.0,8.5,10.2,6.6,1005589.31,13358.27,10414.15,9.54,6.01,2.63,0.0,0.0,0.0,0.0,0.0,9.07,10.4,8.2,0.0,0.0,34.00000000000001,0.0
2015-10-15,1058778.82,18724.65,5173.75,5.91,0.55,0.0,0.0,0.0,0.0,0.0,0.0,12.82,14.3,11.8,398788.69,5203.44,4465.57,11.82,9.29,6.31,7.41,1.63,0.5,0.0,0.0,13.27,14.8,11.7,401515.22,4741.24,4519.91,0.46,1.09,0.53,0.93,3.39,2.5,2.8,3.8,13.96,15.9,12.6,430875.28,5173.75,4741.24,0.0,0.0,0.0,0.0,0.45,0.5,0.5,0.5,13.14,16.8,9.8,0.0,0.0,43.99999999999999,0.0
2015-11-12,357598.52,4331.48,3994.52,7.69,4.58,3.06,2.78,1.5,0.0,0.5,0.5,16.78,19.5,14.9,389571.64,4713.22,4278.55,0.0,0.0,0.0,0.0,4.18,1.87,1.57,1.5,17.12,19.2,15.6,436963.48,5475.23,4685.31,0.0,0.0,0.0,0.0,0.0,0.0,0.0,0.0,17.05,20.3,14.3,556439.43,7423.91,5475.23,0.0,0.0,0.0,0.0,0.0,0.0,0.0,0.0,15.66,18.4,13.0,0.0,0.0,68.00000000000001,0.0
2015-12-10,281560.25,3424.0,3022.69,0.0,0.0,0.0,0.0,0.5,0.0,0.0,0.0,17.16,21.2,13.8,327352.85,4324.49,3377.79,0.0,0.0,0.0,0.0,0.0,0.0,0.0,0.0,16.13,19.2,13.7,422483.04,6392.42,3174.87,0.0,0.0,0.0,0.93,0.0,0.0,0.0,0.0,15.78,17.5,14.4,271468.86,3264.05,3065.66,7.68,0.57,2.04,2.78,0.0,0.0,0.0,1.0,16.91,18.1,15.9,0.0,0.0,24.999999999999996,0.0
2016-01-21,335645.31,5794.06,2774.33,0.0,0.0,0.0,0.0,0.0,0.0,0.0,0.0,21.7,24.7,18.8,288967.94,5988.2,2356.0,14.94,19.98,16.33,14.78,0.0,0.0,0.0,0.0,22.74,25.8,20.0,196306.71,2447.07,2031.43,5.12,7.48,8.68,5.6,7.51,9.64,10.18,6.45,22.25,24.6,19.6,178692.95,2147.05,1999.24,5.55,1.15,0.0,15.75,1.43,1.76,2.87,1.0,21.94,27.0,17.5,2.0,0.0,159.99999999999994,0.0
2016-02-18,84971.52,1086.0,901.99,7.25,2.29,2.04,3.71,3.83,1.5,2.03,2.5,20.89,21.9,19.9,85320.83,1064.65,911.77,0.0,0.0,0.0,0.0,2.34,0.5,0.55,1.19,22.35,25.5,19.8,85914.36,1107.99,901.99,0.0,0.0,0.0,0.0,0.0,0.0,0.0,0.0,22.65,25.8,20.2,83561.96,1107.99,901.99,0.91,0.0,0.0,0.0,0.0,0.0,0.0,0.0,23.38,27.7,20.4,0.0,0.0,249.9999999999999,0.0
2016-03-10,80090.81,981.61,882.56,0.0,0.0,0.0,0.0,0.5,0.0,0.0,0.0,20.36,24.0,18.1,82133.45,991.8,901.99,2.26,0.53,0.98,0.53,0.0,0.0,0.0,0.0,20.58,23.1,19.0,85319.46,1043.55,931.47,0.0,0.0,0.0,0.0,1.5,0.5,0.77,0.5,21.09,25.1,18.6,89794.52,1096.96,981.61,0.0,0.0,0.0,0.0,0.0,0.0,0.0,0.0,20.3,22.8,18.7,0.0,0.0,230.00000000000006,0.0
2016-04-14,202833.4,3970.97,1945.86,7.13,2.11,2.96,1.07,0.5,0.0,0.0,0.0,16.18,17.8,14.2,201905.32,2939.28,1945.86,3.74,6.34,4.92,7.51,3.0,1.0,1.5,0.5,16.59,18.4,15.1,175619.54,3139.71,1454.56,0.45,0.53,0.0,0.0,2.5,3.14,3.9,2.75,16.97,18.7,15.5,118807.56,1466.58,1305.84,12.68,5.81,0.99,3.75,0.5,0.5,0.0,0.0,16.83,18.9,15.0,0.0,0.0,149.99999999999997,0.0
2016-05-12,103989.33,1252.35,1151.53,0.45,0.0,0.0,0.0,4.5,3.78,1.0,4.0,14.99,17.1,12.9,107351.47,1284.2,1190.87,0.0,0.0,0.0,0.0,0.0,0.0,0.0,0.0,14.06,15.2,12.5,114520.96,1395.71,1241.9,0.0,0.0,0.0,0.0,0.0,0.0,0.0,0.0,14.84,16.6,13.5,128514.12,1636.24,1350.12,0.0,0.0,0.0,0.0,0.0,0.0,0.0,0.0,14.92,16.7,13.9,0.0,0.0,279.9999999999999,0.0
2016-06-16,596212.88,7392.59,6529.61,8.37,1.05,2.61,1.07,0.0,0.5,0.0,0.0,9.87,10.6,9.4,683161.05,9862.37,6829.83,0.47,0.0,0.0,0.0,1.0,0.5,1.0,0.5,8.24,9.5,6.9,1021654.95,18847.27,6110.72,2.56,1.82,1.56,2.14,0.5,0.0,0.0,0.0,8.98,10.2,7.8,455491.02,6110.72,4926.88,15.58,19.67,18.78,23.59,1.75,1.77,1.96,1.5,10.81,11.6,10.1,0.0,0.0,299.99999999999994,0.0
2016-07-14,667963.27,8364.55,7110.79,3.72,2.1,1.04,1.73,4.32,5.75,3.5,4.81,5.86,6.9,4.8,835645.88,11363.52,8287.11,0.0,0.0,0.0,0.0,1.5,1.0,0.5,0.5,5.95,6.9,4.8,1323944.57,20120.5,11262.65,0.0,0.0,0.0,0.0,0.0,0.0,0.0,0.0,6.85,7.7,5.9,1677327.3,22964.73,16937.18,0.0,0.0,0.0,0.0,0.0,0.0,0.0,0.0,7.32,8.2,6.6,0.0,3.0,2100.0,1.0
2016-08-18,878471.43,10720.0,9413.21,0.0,0.0,0.0,0.0,0.0,0.0,0.0,0.0,7.38,8.8,5.7,1018186.45,13295.32,10361.38,0.0,0.0,0.0,0.0,0.0,0.0,0.0,0.0,7.74,9.1,6.2,1428406.39,18926.79,13182.22,0.0,0.0,0.0,0.0,0.0,0.0,0.0,0.0,8.07,9.3,6.9,1836845.74,23450.54,18341.19,3.17,0.52,0.52,0.0,0.0,0.0,0.0,0.0,7.95,8.8,7.0,0.0,1.0,15.999999999999998,0.0
2016-09-15,1028198.86,13221.04,9269.75,12.23,1.02,1.02,1.05,2.5,6.5,1.0,0.0,10.63,11.4,9.9,905074.09,11744.28,9399.53,0.45,0.0,1.02,0.0,3.38,0.5,0.5,0.5,10.0,11.0,9.0,1017045.08,14004.92,10191.05,0.0,0.0,0.0,0.0,0.5,0.0,0.5,0.0,9.13,10.3,7.8,1027668.04,12985.95,10488.78,0.0,0.0,0.0,0.0,0.0,0.0,0.0,0.0,9.16,11.1,7.2,0.0,0.0,90.99999999999997,0.0
2016-10-13,915213.01,11367.41,10044.61,2.72,4.61,3.07,2.62,0.89,0.0,0.0,0.5,13.22,14.6,12.1,1102742.22,14502.37,11314.29,0.0,0.0,0.0,0.0,1.69,3.04,2.5,1.63,12.83,14.5,11.0,1519488.36,23564.96,14190.12,0.0,0.0,0.0,0.0,0.0,0.0,0.0,0.0,11.91,14.6,9.2,1891517.77,31504.48,15006.53,14.5,9.21,24.08,10.48,0.0,0.0,0.0,0.0,11.94,13.5,10.9,2.0,3.0,119.99999999999997,0.0
2016-11-17,631567.31,8802.2,6481.83,11.6,5.1,2.56,1.57,3.5,1.51,1.0,2.07,14.93,16.7,13.5,604541.01,7401.43,6552.91,0.45,0.51,0.0,0.0,2.27,2.53,1.0,0.5,14.5,15.9,13.4,661230.45,8145.44,7325.38,2.68,6.64,8.69,8.91,0.5,0.5,0.0,0.0,13.5,15.0,11.8,700564.4,8886.24,7212.11,3.12,1.53,0.0,0.52,1.45,2.71,4.0,3.15,14.35,15.9,13.2,0.0,1.0,460.0000000000001,0.0
2016-11-30,664987.17,8676.95,6805.11,1.78,0.0,0.0,0.0,2.5,3.0,3.0,1.95,13.87,15.6,12.3,1094234.12,23637.55,6588.62,2.68,0.53,0.0,0.0,1.0,0.0,0.0,0.0,13.06,15.2,11.1,500417.4,6660.35,5322.47,12.93,6.86,10.74,4.06,1.0,0.5,0.0,0.0,14.23,16.0,13.0,442467.27,5544.96,4950.98,4.01,6.33,2.56,2.03,4.5,1.5,3.59,1.0,15.71,17.5,14.3,0.0,0.0,119.99999999999997,0.0
2016-12-05,439177.41,5385.6,4829.93,1.34,2.11,2.02,0.0,1.5,6.0,3.0,1.0,16.47,17.8,15.1,505886.81,6446.45,5353.99,0.0,0.0,0.0,0.0,0.0,0.0,1.5,0.0,16.86,20.8,13.1,604630.18,7985.57,6411.17,3.57,1.06,1.51,1.52,0.0,0.0,0.0,0.0,16.47,18.1,15.3,776895.31,10142.06,7212.11,0.45,0.0,0.0,0.0,1.98,0.5,0.58,0.75,16.38,19.7,13.5,0.0,0.0,59.000000000000014,0.0
2016-12-14,569016.38,7477.91,4504.23,0.0,0.0,0.0,0.0,4.0,1.5,2.5,0.5,15.34,17.0,13.3,391416.06,5012.02,4388.4,8.47,1.58,2.52,2.54,0.0,0.0,0.0,0.0,16.38,18.8,14.3,362732.87,5291.03,3550.42,4.01,1.23,0.5,3.14,3.5,0.98,1.0,1.0,17.44,19.4,15.9,300689.78,3631.65,3365.22,4.46,2.99,3.02,7.01,2.0,2.34,2.5,5.87,19.67,20.8,18.2,0.0,0.0,119.99999999999997,0.0
2016-12-15,456730.62,5870.19,5012.02,9.36,3.7,7.56,2.03,4.3,1.5,4.0,2.0,15.72,18.2,13.7,569016.38,7477.91,4504.23,0.0,0.0,0.0,0.0,4.0,1.5,2.5,0.5,15.34,17.0,13.3,391416.06,5012.02,4388.4,8.47,1.58,2.52,2.54,0.0,0.0,0.0,0.0,16.38,18.8,14.3,362732.87,5291.03,3550.42,4.01,1.23,0.5,3.14,3.5,0.98,1.0,1.0,17.44,19.4,15.9,0.0,0.0,259.99999999999994,0.0
2016-12-21,339259.21,4273.96,3577.37,0.0,0.0,0.0,0.0,0.0,0.0,0.0,0.0,18.41,23.2,14.1,355103.53,4359.66,3910.44,1.78,1.06,2.02,0.0,0.0,0.0,0.0,0.0,17.86,19.6,16.1,403170.52,5073.42,4302.44,0.0,0.0,0.0,0.0,1.99,0.5,1.0,0.0,19.44,22.3,16.9,501488.17,6878.14,5042.68,0.0,0.0,0.0,0.0,0.0,0.0,0.0,0.0,18.18,22.4,14.1,0.0,0.0,63.99999999999998,0.0
2016-12-28,342270.35,4217.26,3686.41,0.0,0.0,0.0,0.0,1.11,0.0,0.5,0.0,18.8,20.7,17.5,398766.64,5042.68,4160.92,0.0,0.0,0.0,0.0,0.0,0.0,0.0,0.0,19.16,23.9,15.2,519969.79,7439.62,5042.68,0.45,0.0,0.0,0.0,0.0,0.0,0.0,0.0,16.47,18.5,14.7,973232.76,18744.95,7439.62,0.0,0.0,0.0,0.0,0.5,0.0,0.0,0.0,15.9,18.9,13.1,0.0,0.0,74.00000000000003,0.0
2017-01-04,344139.98,7025.49,2799.39,28.09,27.43,34.27,31.97,1.0,1.5,2.5,1.5,17.09,18.1,16.5,241991.3,2893.1,2707.67,0.89,1.06,1.51,1.52,6.23,5.0,6.81,8.0,19.26,21.7,17.8,248500.75,2988.78,2730.41,0.0,0.0,0.0,0.0,0.5,0.5,1.0,0.53,18.72,20.3,17.2,270126.36,3365.22,2916.83,0.0,0.0,0.0,0.0,0.0,0.0,0.0,0.0,19.11,23.4,15.1,0.0,0.0,2900.0000000000005,1.0
2017-01-11,380849.4,7062.6,3391.31,4.91,3.16,1.01,2.54,0.0,0.0,0.0,0.0,18.06,19.6,16.8,298639.55,3577.37,3339.26,3.12,1.58,0.0,1.52,1.7,1.0,0.5,0.5,17.03,19.1,15.3,330670.47,4245.57,3496.89,1.34,0.0,0.0,0.51,1.0,0.5,0.0,1.5,17.47,20.2,15.4,355175.63,4273.96,3966.44,4.01,2.64,0.0,0.51,0.5,0.0,0.0,0.5,17.32,21.0,14.6,0.0,0.0,110.00000000000004,0.0
2017-01-18,250955.2,3211.3,2640.17,0.0,0.0,0.0,0.0,0.0,1.23,2.0,0.74,19.39,23.2,16.2,304318.55,4446.14,2940.69,0.0,0.0,0.0,0.0,0.0,0.0,0.0,0.0,18.91,22.6,16.0,263481.74,3186.08,2940.69,3.57,1.58,1.01,2.03,0.0,0.0,0.0,0.0,18.8,20.5,17.6,318432.01,4680.58,3160.99,0.0,0.0,0.0,0.0,3.0,1.5,1.0,1.66,19.15,22.3,16.6,0.0,0.0,63.99999999999998,0.0
2017-01-19,224707.93,2707.67,2487.01,0.0,1.58,2.02,1.01,3.0,1.0,1.0,0.5,19.46,22.2,17.5,250955.2,3211.3,2640.17,0.0,0.0,0.0,0.0,0.0,1.23,2.0,0.74,19.39,23.2,16.2,304318.55,4446.14,2940.69,0.0,0.0,0.0,0.0,0.0,0.0,0.0,0.0,18.91,22.6,16.0,263481.74,3186.08,2940.69,3.57,1.58,1.01,2.03,0.0,0.0,0.0,0.0,18.8,20.5,17.6,0.0,0.0,110.00000000000004,0.0
2017-01-25,1423819.18,44422.68,7249.76,0.0,0.0,0.0,0.0,1.0,1.0,0.61,1.0,14.82,18.8,11.5,1433357.74,53414.73,2662.55,17.84,12.14,9.41,9.14,0.0,0.0,0.0,0.0,15.24,17.1,12.1,239485.03,2940.69,2685.04,3.12,4.75,7.72,4.06,2.99,2.13,2.0,2.5,17.81,20.5,15.7,287908.2,3686.41,2893.1,0.45,0.53,1.51,1.01,1.0,1.5,1.5,1.0,16.34,18.4,13.7,0.0,0.0,199.99999999999991,0.0
2017-01-31,225164.73,2730.41,2487.01,1.34,0.0,0.0,1.52,0.0,0.0,0.5,0.07,19.05,21.2,17.4,248814.38,3061.84,2685.04,0.0,0.0,0.0,0.0,1.0,0.0,0.0,0.5,20.13,23.5,17.6,285292.07,3604.45,3013.01,0.0,0.0,0.0,0.0,0.0,0.0,0.0,0.0,19.9,24.3,16.1,354942.24,4710.27,3550.42,0.0,0.0,0.0,0.0,0.0,0.0,0.0,0.0,18.03,21.6,14.8,0.0,0.0,170.00000000000006,0.0
2017-02-08,297039.2,3797.44,3313.42,11.94,4.28,1.0,4.06,0.5,0.0,0.0,0.31,20.12,21.1,18.7,329569.56,4217.26,3496.89,0.0,0.0,0.0,0.0,2.38,1.5,0.5,1.07,20.84,24.0,17.9,408937.67,5417.3,4189.05,0.0,0.0,0.0,0.0,0.0,0.0,0.0,0.0,20.47,24.3,17.4,610752.32,10093.25,5385.6,0.0,0.0,0.0,0.0,0.0,0.0,0.0,0.0,18.56,21.5,16.0,0.0,0.0,990.0000000000001,1.0
2017-02-14,273591.0,3365.22,3061.84,0.95,6.42,5.48,5.07,0.5,0.0,0.0,0.0,19.21,20.7,18.2,294823.56,3686.41,3160.99,0.95,0.0,0.0,0.0,0.5,2.6,3.82,2.55,18.49,21.4,16.0,359039.16,4769.93,3631.65,0.0,0.0,0.0,0.0,1.0,0.0,0.0,0.0,17.76,21.5,14.3,529392.15,8307.04,4740.06,0.0,0.0,0.0,0.0,0.0,0.0,0.0,0.0,16.25,18.2,13.6,0.0,0.0,94.0,0.0
2017-02-16,253487.31,3111.17,2776.27,0.48,0.0,0.0,0.0,1.5,1.0,0.5,0.5,18.1,21.1,15.6,278391.77,3443.85,3061.84,0.96,0.0,0.0,0.0,0.5,0.0,0.0,0.0,18.23,20.4,16.6,273591.0,3365.22,3061.84,0.95,6.42,5.48,5.07,0.5,0.0,0.0,0.0,19.21,20.7,18.2,294823.56,3686.41,3160.99,0.95,0.0,0.0,0.0,0.5,2.6,3.82,2.55,18.49,21.4,16.0,0.0,0.0,100.00000000000004,0.0
2017-02-21,474671.23,6624.43,4890.28,10.5,3.21,1.49,0.0,0.0,0.0,0.0,0.0,20.21,22.8,18.1,557042.74,8025.38,5353.99,3.35,10.17,26.88,5.58,8.45,1.5,0.5,0.0,19.36,21.4,17.4,843469.59,14944.7,6624.43,5.73,1.07,5.97,3.05,2.0,7.5,12.35,2.0,17.5,19.1,15.6,533961.24,17653.06,2662.55,23.4,32.66,33.35,34.25,1.9,0.5,3.48,2.5,17.89,19.0,16.9,1.0,0.0,159.99999999999994,0.0
2017-02-28,201621.35,2423.23,2259.6,0.0,0.0,0.0,0.0,0.0,0.0,0.0,0.0,20.2,23.4,17.9,213627.75,2573.79,2360.56,0.0,0.0,0.0,0.0,0.0,0.0,0.0,0.0,20.3,23.9,17.6,231123.51,2846.0,2508.52,0.0,0.0,0.0,0.0,0.0,0.0,0.0,0.0,20.04,23.9,16.4,251708.07,3086.44,2776.27,0.0,0.0,0.0,0.0,0.0,0.0,0.0,0.0,19.67,23.4,16.3,0.0,0.0,190.0,0.0
2017-03-07,156766.93,1906.69,1736.5,0.0,0.0,0.0,0.0,4.0,2.41,1.6,2.0,18.79,20.7,17.4,171424.71,2143.97,1803.29,0.0,0.0,0.0,0.0,0.0,0.0,0.0,0.0,18.92,22.3,16.4,161388.46,1924.29,1803.29,3.34,0.0,0.0,0.0,0.0,0.0,0.0,0.0,19.3,22.7,17.5,166675.42,1977.76,1854.5,0.0,0.0,0.0,0.0,1.41,0.0,0.0,0.0,18.99,21.4,17.6,0.0,0.0,419.99999999999994,0.0
2017-03-14,587894.25,13518.94,4160.92,9.55,1.61,3.48,1.52,2.0,1.76,1.5,2.5,18.32,19.6,17.3,343257.84,4710.27,2465.63,12.41,18.74,16.92,14.21,2.84,0.5,1.52,0.5,19.23,20.3,18.2,189879.03,2508.52,1924.29,21.96,9.64,20.4,9.64,3.9,5.35,4.67,5.18,20.07,21.6,18.7,178933.89,2201.3,1924.29,0.0,0.0,0.0,0.0,4.0,1.35,4.22,1.63,19.78,23.3,17.0,0.0,0.0,270.00000000000006,0.0
2017-03-16,813820.46,13760.5,6517.32,1.43,0.0,0.0,0.0,0.0,0.0,0.0,0.0,14.67,16.6,13.3,874528.98,13639.36,7945.87,9.55,5.35,3.48,6.09,0.5,0.0,0.0,0.0,16.45,17.7,14.6,587894.25,13518.94,4160.92,9.55,1.61,3.48,1.52,2.0,1.76,1.5,2.5,18.32,19.6,17.3,343257.84,4710.27,2465.63,12.41,18.74,16.92,14.21,2.84,0.5,1.52,0.5,19.23,20.3,18.2,0.0,0.0,119.99999999999997,0.0
2017-03-21,224233.4,2707.67,2465.63,0.0,0.0,0.0,0.0,0.0,0.0,0.0,0.0,16.12,17.4,15.1,247765.94,3061.84,2662.55,0.0,0.0,0.0,0.0,0.0,0.0,0.0,0.0,16.61,19.8,13.4,283080.28,3577.37,3013.01,0.0,0.0,0.0,0.0,0.0,0.0,0.0,0.0,17.38,19.0,15.9,345828.94,4533.4,3550.42,0.0,0.0,0.0,0.0,0.0,0.0,0.0,0.0,17.43,20.6,14.4,0.0,0.0,329.99999999999994,0.0
2017-03-28,337217.01,4504.23,3443.85,1.9,1.07,0.0,0.0,0.5,0.5,0.0,0.0,17.7,19.7,15.9,557051.62,10438.71,4504.23,0.0,0.21,0.45,1.56,0.85,0.5,0.0,0.0,17.08,19.2,15.4,458601.22,13699.84,2508.52,8.84,8.36,12.99,17.66,0.0,1.3,1.97,2.01,17.38,19.0,16.4,241030.23,3236.65,2530.15,3.96,0.54,1.0,0.0,2.0,3.0,3.09,4.07,16.42,17.5,15.2,0.0,0.0,540.0000000000002,1.0
2017-04-04,481684.19,7632.17,4710.27,20.37,23.02,26.38,17.65,4.69,6.05,5.6,5.47,16.54,17.2,15.7,474924.64,6170.34,4920.59,0.47,0.0,0.0,0.0,3.62,5.24,5.61,3.04,16.7,17.9,15.2,631278.34,8844.17,6136.64,0.0,0.0,0.0,0.0,0.5,0.0,0.0,0.0,17.0,18.6,15.8,1199098.07,24366.68,8844.17,0.0,0.0,0.0,0.0,0.0,0.0,0.0,0.0,16.05,17.2,14.9,0.0,1.0,9700.000000000004,1.0
2017-04-11,659373.84,8295.88,7018.89,0.0,0.0,0.0,0.0,0.0,0.0,0.5,0.0,13.83,15.9,11.8,801307.97,10533.8,8295.88,0.0,0.0,0.0,0.0,0.0,0.0,0.0,0.0,12.91,14.9,10.9,1126697.96,16972.42,10533.8,0.0,0.0,0.0,0.0,0.0,0.0,0.0,0.0,12.35,13.9,10.6,1677467.92,22083.55,16906.17,2.37,3.21,1.99,2.08,0.0,0.0,0.0,0.0,13.77,15.2,12.7,1.0,4.0,119.99999999999997,0.0
2017-04-13,530711.09,6514.47,5961.21,10.42,4.78,6.15,7.27,8.13,1.0,2.0,3.5,15.09,15.9,14.4,571941.03,7051.71,6256.0,0.0,0.0,0.51,0.0,3.7,1.11,1.69,2.0,14.05,15.3,12.7,659373.84,8295.88,7018.89,0.0,0.0,0.0,0.0,0.0,0.0,0.5,0.0,13.83,15.9,11.8,801307.97,10533.8,8295.88,0.0,0.0,0.0,0.0,0.0,0.0,0.0,0.0,12.91,14.9,10.9,0.0,3.0,220.00000000000009,0.0
2017-04-19,697273.17,8527.83,7388.22,0.0,0.0,0.0,0.0,0.5,0.0,0.5,0.5,13.24,14.6,12.0,853016.55,10979.23,8527.83,0.47,1.06,5.13,0.0,0.0,0.0,0.0,0.0,13.59,15.0,12.4,1157441.18,16402.38,10979.23,4.74,0.0,0.0,0.0,0.5,0.5,2.0,0.0,13.59,14.6,12.4,1468465.48,24051.0,13135.68,9.48,1.59,2.05,3.12,2.58,0.0,0.0,0.0,13.71,14.6,12.7,0.0,1.0,87.0,0.0
2017-04-26,370326.21,4398.59,4168.41,0.0,0.0,0.0,0.0,0.0,0.0,0.0,0.0,13.37,15.2,11.6,389245.68,4661.47,4359.08,0.0,0.0,0.0,0.0,0.0,0.0,0.0,0.0,12.89,14.5,11.3,413774.82,4977.73,4620.35,0.0,0.0,0.0,0.0,0.0,0.0,0.0,0.0,12.33,14.2,10.4,445524.95,5375.55,4913.37,0.0,0.0,0.0,0.0,0.0,0.0,0.0,0.0,11.99,14.0,10.0,0.0,0.0,74.99999999999997,0.0
2017-05-11,428621.09,5196.28,4765.35,0.0,0.0,0.0,0.0,4.48,3.89,1.88,2.09,12.11,13.4,10.8,468329.61,5698.78,5174.15,0.0,0.0,0.0,0.0,0.0,0.0,0.0,0.0,11.55,13.1,10.0,523068.42,6484.23,5698.78,0.0,0.0,0.0,0.0,0.0,0.0,0.0,0.0,11.39,12.6,10.4,619505.12,7995.11,6454.15,0.0,0.0,0.0,0.0,0.0,0.0,0.0,0.0,10.32,11.5,9.3,0.0,1.0,85.00000000000001,0.0
2017-06-15,1643188.73,24563.84,8585.98,8.05,3.79,2.03,3.22,1.0,0.0,0.0,0.0,8.35,9.5,6.7,509382.29,8624.62,5098.35,15.15,15.16,10.13,9.13,6.03,2.84,1.5,1.5,9.69,10.2,9.2,467613.58,5799.74,5152.58,2.37,0.54,0.51,0.54,5.0,4.0,3.63,5.24,9.32,10.1,8.7,577411.07,7908.99,5712.87,0.0,0.0,0.0,0.0,0.5,0.5,0.5,0.27,8.3,9.0,7.3,0.0,0.0,37.99999999999999,0.0
2017-07-13,657757.71,9879.23,6184.75,17.11,11.37,13.68,9.13,0.5,6.72,6.78,6.01,7.49,8.4,6.2,556755.71,6824.95,6306.0,0.98,0.54,0.0,0.54,4.97,4.83,5.12,4.5,8.31,9.1,7.3,535120.69,7232.28,5598.18,5.38,2.71,0.51,1.07,0.98,0.5,0.0,0.5,8.78,9.8,8.1,500167.11,6005.33,5626.73,3.42,0.54,0.0,0.0,1.74,0.77,0.5,1.0,7.79,8.7,6.9,0.0,0.0,9700.000000000004,1.0
2017-08-17,883944.05,11724.22,8692.15,5.86,8.57,3.13,4.83,1.5,3.0,3.5,2.0,8.71,9.6,7.6,776383.08,9458.68,8613.77,4.39,1.07,1.57,0.54,2.95,3.47,1.58,1.5,8.49,9.7,7.3,791278.58,9969.84,8692.15,4.89,5.89,4.18,2.69,1.5,0.5,1.5,0.5,9.07,9.9,8.2,1129699.39,18376.74,9926.19,0.49,0.0,0.0,0.0,2.5,3.5,3.26,2.0,9.07,10.4,7.6,0.0,0.0,74.99999999999997,0.0
2017-09-14,1378063.33,24276.63,9010.06,8.31,1.61,2.92,1.1,3.26,0.76,0.8,1.0,,,,924986.24,12928.34,9090.64,0.98,0.0,0.0,0.0,2.0,0.5,1.0,0.5,,,,1080020.87,13505.09,11627.24,5.86,1.07,1.05,9.07,0.5,0.0,0.0,0.0,,,,1662209.28,30003.08,13452.01,5.38,4.82,4.18,3.58,1.5,1.0,1.0,3.0,,,,0.0,2.0,199.99999999999991,0.0
2017-10-12,3858335.83,122493.29,18188.61,32.74,28.37,13.58,14.3,1.0,0.0,0.5,0.0,,,,1448444.19,26636.97,13346.25,15.46,12.85,15.67,11.55,4.33,4.34,1.81,3.69,,,,1259977.8,21123.12,12876.69,5.0,1.07,2.09,3.85,7.33,4.79,5.0,4.38,,,,1362694.57,17630.69,13611.63,4.1,5.89,6.27,4.95,1.5,0.5,1.0,1.0,,,,0.0,0.0,1200.0,1.0
2017-11-06,410972.77,5137.44,4481.27,4.09,0.6,3.93,0.55,1.0,1.5,2.28,1.0,,,,438345.46,5247.35,4887.66,0.91,4.18,2.08,2.2,3.0,0.0,1.0,0.0,,,,439036.66,5321.59,4448.65,0.91,0.6,0.52,0.55,0.5,1.0,1.5,0.59,,,,490933.97,6024.1,5284.38,0.0,0.0,0.0,0.0,0.5,0.0,0.5,0.0,,,,0.0,0.0,62.00000000000001,0.0
2017-11-12,394913.84,4818.02,4383.98,0.46,0.0,0.0,0.0,1.0,0.0,0.0,1.5,,,,456349.74,6024.1,4749.14,0.91,1.19,0.0,0.0,0.5,0.0,0.0,0.0,,,,749426.44,14368.34,6024.1,0.0,0.0,0.0,0.0,0.5,0.5,0.0,0.0,,,,683058.69,19230.36,4351.93,15.01,15.53,12.5,12.65,0.0,0.0,0.0,0.0,,,,1.0,0.0,74.99999999999997,0.0
2017-11-16,309308.84,3724.81,3427.59,0.0,0.0,0.0,0.0,13.2,0.0,0.0,0.0,16.6,20.5,12.7,338773.15,4163.64,3674.11,0.0,0.0,0.0,0.0,0.0,0.0,0.0,0.0,15.55,19.7,11.6,378821.81,4481.27,4163.64,0.0,0.0,0.0,0.0,0.0,0.0,0.0,0.0,0.0,0.0,0.0,386419.8,4681.02,4288.4,1.37,0.0,0.0,2.75,0.0,0.0,0.0,0.0,,,,0.0,0.0,12.0,0.0
2017-11-21,464009.69,7589.21,3454.99,0.0,0.0,0.0,0.0,0.0,0.0,0.0,0.0,16.72,20.7,13.3,292468.65,3531.85,3304.22,0.0,0.0,0.0,0.0,0.0,0.0,0.0,0.0,14.98,17.4,12.5,318894.13,4218.14,3354.04,0.0,0.0,0.0,0.0,0.0,0.0,0.0,0.0,16.13,18.8,14.4,429742.3,7304.59,3215.68,0.0,0.0,0.0,0.0,0.0,0.0,0.0,0.0,17.21,20.1,14.6,1.0,0.0,52.00000000000001,0.0
2017-11-29,351469.16,5164.51,2875.54,8.67,0.6,1.04,9.9,4.13,1.87,0.0,0.0,19.89,24.7,16.6,271671.59,3768.34,2566.64,4.77,0.0,0.0,0.0,3.93,0.5,1.0,7.85,20.06,23.1,17.3,228594.32,3157.39,2566.64,24.72,0.6,0.52,3.3,3.91,0.0,0.0,0.0,19.71,22.4,17.7,232199.61,2762.76,2609.45,0.0,0.0,0.0,0.0,25.46,0.5,0.5,2.67,19.51,21.7,17.2,1.0,0.0,187.00000000000003,0.0
2017-12-03,392584.24,6230.66,3429.58,0.0,0.0,0.0,0.0,0.0,0.0,0.0,0.0,20.89,24.4,17.9,352572.66,4803.6,3583.64,6.35,0.0,0.0,0.0,0.0,0.0,0.0,0.0,20.12,24.6,15.9,635604.6,10256.11,4803.6,2.64,0.0,0.0,0.0,3.94,0.0,0.0,0.0,18.32,21.7,15.7,538984.04,24419.37,3583.64,6.94,2.39,0.0,0.0,2.0,0.0,0.0,0.0,19.09,23.1,16.2,1.0,0.0,632.9999999999998,1.0
2017-12-12,159397.61,1924.87,1770.34,1.36,0.0,0.0,0.0,0.0,0.0,0.0,0.0,22.45,26.6,19.3,166190.54,1996.3,1820.89,0.0,0.0,0.0,0.0,0.5,0.0,0.0,0.0,21.07,24.4,17.8,175255.99,2144.26,1907.27,0.0,0.0,0.0,0.0,0.0,0.0,0.0,0.0,21.43,23.9,19.3,180747.91,2144.26,1942.57,0.0,0.0,0.0,0.0,0.0,0.0,0.0,0.0,21.2,23.1,19.3,0.0,0.0,108.00000000000003,0.0
2017-12-14,146937.16,1770.34,1608.71,1.82,1.79,3.65,0.0,2.5,2.99,4.0,0.0,20.4,23.5,17.8,155512.14,1872.4,1704.41,0.0,0.0,0.0,0.0,0.0,0.0,3.5,0.0,21.31,24.9,18.4,159397.61,1924.87,1770.34,1.36,0.0,0.0,0.0,0.0,0.0,0.0,0.0,22.45,26.6,19.3,166190.54,1996.3,1820.89,0.0,0.0,0.0,0.0,0.5,0.0,0.0,0.0,21.07,24.4,17.8,0.0,0.0,279.9999999999999,0.0
2017-12-18,140633.93,1688.2,1547.02,0.0,0.0,0.0,0.0,2.03,0.34,0.0,0.0,22.67,27.7,18.0,157069.01,1996.3,1656.08,0.0,0.0,0.0,0.0,0.0,0.0,0.0,0.0,20.95,25.9,16.7,189298.52,2420.23,1907.27,0.0,0.0,0.0,0.0,0.0,0.0,0.0,0.0,19.63,23.6,15.6,160193.06,1978.28,1688.2,4.54,5.37,4.17,0.0,0.0,0.0,0.0,0.0,19.91,23.3,17.1,0.0,0.0,41.00000000000001,0.0
2017-12-27,213542.66,2944.53,2182.31,10.43,4.18,2.6,2.05,0.5,0.5,1.0,0.5,20.35,21.9,18.0,187569.6,3157.39,1593.13,0.91,0.0,0.0,0.0,5.0,1.5,1.0,0.5,22.72,26.3,19.6,148911.01,1803.93,1608.71,28.59,0.0,0.0,0.0,0.65,0.0,0.0,0.0,21.74,24.8,19.3,162183.76,1960.37,1737.16,0.0,0.0,0.0,0.0,11.33,0.0,0.0,0.0,20.52,24.2,17.2,2.0,0.0,836.0000000000001,1.0
2018-01-03,205672.91,6007.85,1753.7,4.99,43.58,1.04,11.29,1.77,21.18,3.08,11.52,22.72,26.1,20.3,173950.17,2163.23,1837.96,0.0,0.0,0.0,0.0,4.0,15.35,0.73,8.66,21.69,26.6,17.1,199265.61,2524.26,2106.63,0.0,0.0,0.0,0.0,0.0,0.0,0.0,0.0,19.56,22.2,16.6,239326.52,2991.06,2461.51,0.0,0.0,0.0,0.0,0.0,0.0,0.0,0.0,19.41,23.9,15.3,1.0,0.0,7269.9999999999945,1.0
2018-01-08,669500.22,13407.71,5198.12,0.0,0.0,0.0,0.0,0.0,0.0,0.0,0.0,17.59,21.3,14.3,2706398.21,59032.61,13407.71,0.0,0.0,0.0,0.0,0.0,0.0,0.0,0.0,16.28,17.2,15.2,1129927.67,28185.51,3583.64,14.97,31.05,36.45,23.61,0.5,0.0,0.0,0.0,18.98,20.7,17.2,395760.51,5506.59,3903.56,8.17,6.57,5.73,18.99,3.54,3.63,7.84,3.5,21.25,23.5,19.0,3.0,1.0,175.00000000000006,0.0
2018-01-14,336564.21,5402.57,2898.43,1.36,10.15,3.12,18.48,0.0,1.06,0.0,0.5,21.48,24.7,19.5,230946.71,3506.12,2279.29,7.26,14.93,0.52,1.03,0.5,8.44,3.0,8.54,22.4,25.7,19.7,237596.29,3254.84,2259.68,0.91,0.6,0.0,0.51,3.5,12.5,0.45,1.0,21.56,24.3,19.4,212347.17,2674.5,2259.68,17.69,1.79,0.0,0.0,1.0,0.5,0.0,0.5,20.96,22.9,19.5,1.0,1.0,331.0,0.0
2018-01-18,158765.01,2014.42,1688.2,0.0,2.99,2.96,2.08,3.1,2.5,3.16,3.0,22.92,26.3,19.6,188705.36,2379.38,2014.42,0.45,0.0,0.0,0.0,0.0,1.0,1.0,0.5,23.77,27.0,21.2,191298.1,2461.51,2032.65,9.52,4.18,0.0,0.0,0.5,0.0,0.0,0.0,23.65,27.4,20.1,257463.42,3741.63,2420.23,0.0,1.79,0.0,0.51,8.96,3.0,0.0,0.0,22.64,27.5,18.4,1.0,0.0,279.9999999999999,0.0
2018-01-24,210443.83,3109.32,1960.37,0.45,7.76,2.08,6.22,0.0,0.0,0.0,0.0,23.34,26.8,20.7,160354.17,2163.23,1720.73,6.35,15.52,9.37,16.07,0.5,4.5,1.0,2.35,22.31,23.7,21.3,167604.43,2087.98,1753.7,0.0,0.0,0.0,0.0,1.86,4.5,3.5,8.71,23.51,27.3,20.3,196835.74,2399.75,2087.98,0.45,0.0,0.0,0.0,0.0,0.0,0.0,0.0,22.0,24.4,20.0,1.0,0.0,495.0,0.0
2018-01-29,101471.7,1217.67,1110.99,0.0,0.0,0.0,0.0,0.0,0.0,0.0,0.0,25.15,30.0,21.2,108407.03,1317.24,1174.21,0.0,0.0,0.0,0.0,0.0,0.0,0.0,0.0,24.64,28.8,21.1,120231.91,1487.03,1277.18,0.0,0.0,0.0,0.0,0.0,0.0,0.0,0.0,24.73,28.8,21.9,135577.41,1672.09,1443.15,0.0,0.0,0.0,0.0,0.0,0.0,0.0,0.0,22.64,26.1,19.8,0.0,0.0,275.0000000000001,0.0
2018-02-04,126649.34,1753.7,1184.97,0.47,0.6,0.0,0.0,0.0,0.0,0.0,0.0,19.2,21.5,17.0,94561.55,1593.13,1029.99,2.36,0.0,1.04,1.04,0.5,0.5,0.0,0.0,21.56,23.8,19.8,84183.67,1059.95,942.83,5.68,2.99,9.37,6.74,4.17,0.0,1.0,0.93,22.45,24.5,20.9,86031.49,1049.91,952.32,0.0,0.0,0.0,0.0,1.83,1.5,5.25,3.78,25.53,30.1,22.1,0.0,0.0,72.99999999999999,0.0
2018-02-13,232817.86,4998.47,1704.41,15.68,0.6,0.52,2.08,6.71,0.0,0.0,0.5,23.77,27.2,20.8,155325.32,2069.43,1688.2,4.18,5.37,6.77,8.82,5.01,0.5,0.5,1.0,21.28,22.6,19.7,110518.23,2050.99,1131.82,3.78,0.6,3.13,1.56,1.0,1.0,3.5,2.57,20.87,22.2,19.5,100705.5,1217.67,1100.67,4.73,0.0,0.52,0.0,0.97,0.5,1.0,0.5,19.85,22.9,16.9,0.0,0.0,798.0000000000002,1.0
2018-02-15,329262.31,4965.66,2898.43,2.37,0.0,0.0,0.0,0.0,0.0,0.0,0.0,21.09,22.0,20.2,272111.98,4965.66,2220.78,8.51,0.0,0.0,0.52,1.0,0.0,0.0,0.0,22.99,24.3,21.7,232817.86,4998.47,1704.41,15.68,0.6,0.52,2.08,6.71,0.0,0.0,0.5,23.77,27.2,20.8,155325.32,2069.43,1688.2,4.18,5.37,6.77,8.82,5.01,0.5,0.5,1.0,21.28,22.6,19.7,0.0,0.0,419.99999999999994,0.0
2018-02-19,124067.04,1531.87,1372.14,0.47,0.0,0.0,0.0,4.0,0.0,0.5,0.0,22.42,25.0,20.1,133582.43,1688.2,1414.43,6.62,0.0,0.0,0.0,0.5,0.0,0.0,0.0,21.44,23.7,19.0,167955.38,2279.29,1640.18,0.0,0.0,0.0,0.0,4.0,0.0,0.0,0.0,21.68,24.2,19.8,253733.16,3480.5,2240.18,0.0,0.0,0.0,0.0,0.0,0.0,0.0,0.0,21.62,25.3,18.6,0.0,0.0,173.00000000000006,0.0
2018-02-25,102395.15,1264.04,1090.4,0.0,0.0,0.0,0.0,0.0,0.0,0.0,0.0,20.22,23.8,17.2,113991.71,1457.67,1239.81,0.0,0.0,0.0,0.0,0.0,0.0,0.0,0.0,19.07,22.8,15.4,113715.8,1428.74,1239.81,4.73,3.15,3.23,5.3,0.0,0.0,0.0,0.0,20.09,23.6,17.7,137030.84,1855.13,1317.24,0.0,0.52,0.0,3.79,4.76,1.54,1.14,2.5,21.44,24.1,19.2,0.0,0.0,10.000000000000002,0.0
2018-03-06,79219.37,952.32,896.04,0.0,0.0,0.0,0.0,2.68,11.0,9.08,25.19,21.75,25.5,18.4,81235.57,981.08,896.04,0.0,0.0,0.0,0.0,0.0,0.0,0.0,0.0,22.1,26.3,18.6,87361.99,1059.95,952.32,0.0,0.0,0.0,0.0,0.0,0.0,0.0,0.0,21.97,25.4,19.1,93660.12,1131.82,1029.99,0.0,0.0,0.0,0.0,0.0,0.0,0.0,0.0,20.95,23.2,18.8,0.0,0.0,216.00000000000006,0.0
2018-03-12,411373.82,5922.39,3905.99,0.0,0.0,0.0,0.0,0.0,0.0,0.0,0.0,16.91,20.2,13.6,677377.43,10908.67,5888.05,0.47,0.0,0.0,0.0,0.0,0.0,0.0,0.0,16.05,18.9,13.8,1375350.68,31722.41,10481.72,4.26,1.57,0.54,1.51,0.5,0.0,0.0,0.0,14.89,16.0,14.0,3211557.11,64454.05,1142.32,16.28,28.32,13.46,52.23,1.64,1.0,0.5,2.0,15.79,18.2,14.6,2.0,1.0,202.99999999999997,0.0
2018-03-15,211008.47,2634.42,2282.78,0.95,0.0,0.0,0.0,1.0,0.0,0.0,0.0,17.54,20.1,15.3,246190.27,3068.13,2613.88,0.47,0.52,3.23,5.3,0.5,0.0,0.0,0.0,17.81,20.1,16.1,297844.16,3905.99,3045.4,0.0,0.0,0.0,0.0,0.5,0.5,2.5,2.37,17.0,19.1,14.6,411373.82,5922.39,3905.99,0.0,0.0,0.0,0.0,0.0,0.0,0.0,0.0,16.91,20.2,13.6,1.0,1.0,230.00000000000006,0.0
2018-03-18,310514.84,4699.22,2282.78,0.0,0.0,0.0,0.0,0.0,0.0,0.0,0.0,17.14,19.0,15.7,188640.26,2319.0,2090.09,8.99,6.3,10.24,7.57,0.0,0.0,0.5,0.0,17.71,20.1,16.1,191336.28,2300.84,2107.15,1.89,0.0,0.0,0.0,1.14,2.0,3.5,1.72,17.39,19.3,16.1,211008.47,2634.42,2282.78,0.95,0.0,0.0,0.0,1.0,0.0,0.0,0.0,17.54,20.1,15.3,0.0,0.0,97.0,0.0
2018-03-27,204607.68,2573.14,2193.83,0.0,0.0,0.0,0.0,0.0,0.0,0.0,0.0,18.15,21.0,15.7,240621.0,2977.88,2552.93,0.47,0.0,0.54,0.76,0.0,0.0,0.0,0.0,17.98,20.1,16.0,293880.5,4013.13,2933.41,0.95,5.24,31.24,5.3,0.5,0.0,0.5,0.5,17.29,18.8,15.6,291240.74,4095.24,2867.53,0.0,0.52,0.54,0.0,0.5,2.0,10.0,2.0,17.44,20.1,15.4,1.0,0.0,121.00000000000003,0.0
2018-04-05,160446.07,1908.42,1783.22,0.47,0.0,0.0,0.0,0.0,0.0,0.0,0.0,17.59,20.1,16.2,166723.33,2006.14,1829.48,0.0,0.0,0.0,0.0,0.5,0.0,0.0,0.0,17.1,19.3,15.5,190808.67,2552.93,1956.87,0.0,0.0,0.0,0.0,0.0,0.0,0.0,0.0,16.77,18.1,15.7,181609.16,2675.82,1860.78,0.0,0.0,0.0,0.0,0.0,0.0,0.0,0.0,17.53,20.1,15.2,0.0,0.0,52.00000000000001,0.0
2018-04-08,139561.55,1663.85,1564.18,0.47,0.0,0.0,0.0,0.0,0.0,0.0,0.0,16.41,18.7,15.0,145749.52,1737.77,1620.59,0.0,0.0,0.0,0.0,0.5,0.0,0.0,0.0,16.87,19.2,14.9,154642.45,1860.78,1707.93,0.0,0.0,0.0,0.0,0.0,0.0,0.0,0.0,17.79,21.1,15.6,160446.07,1908.42,1783.22,0.47,0.0,0.0,0.0,0.0,0.0,0.0,0.0,17.59,20.1,16.2,0.0,0.0,836.0000000000001,1.0
2018-04-12,1886986.01,35982.47,10741.99,16.08,3.67,1.62,1.52,2.29,1.0,1.5,1.5,9.94,11.0,9.1,593705.77,36066.58,1592.2,52.02,60.29,84.56,7.57,2.87,1.0,1.0,0.5,13.51,15.8,11.0,136000.84,1620.59,1550.31,5.2,2.1,2.69,2.27,7.26,7.35,22.91,2.0,15.67,17.7,14.1,135428.0,1606.35,1536.52,0.0,0.0,0.0,0.0,1.0,0.5,1.5,0.5,14.84,17.3,12.2,2.0,0.0,669.9999999999999,1.0
2018-04-17,1159267.36,40810.19,6487.6,19.39,24.64,18.31,16.24,1.01,3.0,0.5,1.0,14.16,15.5,12.6,733170.6,10081.52,6893.44,0.0,0.0,0.0,0.0,10.11,8.5,8.06,7.97,13.05,14.8,11.1,1146638.41,16361.31,10081.52,0.95,3.15,2.16,2.17,0.0,0.0,0.0,0.0,11.76,13.3,10.6,1864876.64,48651.52,7120.73,14.16,1.57,3.77,4.87,0.5,1.41,1.0,1.5,10.79,11.9,9.5,3.0,2.0,563.0000000000001,1.0
2018-04-23,876576.93,14554.86,8153.99,11.82,2.37,0.0,0.0,0.5,0.0,0.0,0.0,12.92,14.4,11.7,900461.12,11825.89,9089.64,0.95,1.83,2.62,1.08,7.26,2.26,1.0,0.5,12.91,14.4,11.8,1021268.72,12440.82,11276.92,2.37,1.05,2.09,0.54,0.5,1.0,1.0,0.5,12.72,14.2,11.7,1375082.96,23141.28,11927.22,8.04,0.0,0.52,0.0,1.5,0.5,1.0,0.48,11.44,12.8,10.1,1.0,0.0,62.99999999999999,0.0
2018-05-17,300641.24,3595.81,3301.41,5.2,0.0,1.57,0.0,2.0,0.5,0.0,0.95,13.4,14.6,12.1,327489.03,4319.28,3520.73,3.79,2.1,1.57,2.17,2.81,0.5,1.0,0.0,13.04,13.9,12.2,535455.13,9399.14,4262.57,0.0,0.0,0.0,0.0,2.4,1.0,0.5,1.0,13.68,14.6,12.9,319052.93,6633.55,2977.88,8.04,18.35,16.76,21.66,0.0,0.0,0.0,0.0,13.24,14.8,11.8,0.0,0.0,249.9999999999999,0.0
2018-06-14,7780231.73,271118.08,43302.36,17.99,7.34,7.86,4.92,1.5,0.5,0.0,0.5,9.65,10.2,9.2,15072792.84,385995.0,16204.28,83.17,15.73,8.91,38.12,5.47,1.4,1.44,1.0,8.7,9.4,7.9,1424410.23,17268.32,15967.66,22.87,1.57,0.0,0.61,8.56,2.0,2.94,5.06,7.34,8.4,6.1,1567697.37,19226.54,17072.08,0.0,0.0,0.0,0.0,3.63,0.5,0.0,0.0,7.18,8.2,6.4,1.0,5.0,190.0,0.0
2018-07-12,1057629.83,13666.71,11429.98,5.42,2.7,0.52,0.62,4.25,4.11,0.5,0.32,7.41,8.3,6.4,1392683.13,18299.63,13666.71,9.47,2.69,5.68,7.38,1.25,1.0,0.5,0.5,7.72,8.3,7.2,1364721.86,24093.51,8585.1,12.31,14.54,13.42,14.14,2.5,0.6,2.56,2.5,9.18,9.8,8.1,735903.37,11926.2,6407.14,6.16,10.23,9.8,11.07,4.0,8.25,4.84,6.48,9.52,10.2,8.9,0.0,0.0,85.99999999999997,0.0
2018-08-16,1157327.32,33475.34,6499.0,20.53,5.39,3.1,5.53,0.5,0.5,1.17,0.5,9.72,10.4,8.6,588768.84,7033.88,6591.62,6.04,6.46,13.93,9.22,4.0,1.0,0.96,1.0,9.11,10.5,7.9,635066.87,7864.67,6874.04,0.0,0.0,0.0,0.0,1.92,1.0,3.45,2.5,7.93,9.3,6.4,726218.0,9154.16,7762.2,0.0,0.0,0.0,0.0,0.0,0.0,0.0,0.0,8.1,9.5,6.6,0.0,0.0,289.99999999999994,0.0
2018-09-13,1099923.28,13834.51,11712.07,0.0,0.0,0.0,0.0,0.0,0.0,0.0,0.0,8.29,9.6,6.7,1318233.59,16639.22,13609.34,0.0,0.0,0.51,0.0,0.0,0.0,0.0,0.0,8.04,9.2,6.6,1657786.75,23089.44,16341.57,0.0,0.0,0.0,0.0,0.0,0.0,0.5,0.0,7.87,9.6,6.1,2452807.53,38147.14,22491.23,0.0,0.0,0.0,0.0,0.0,0.0,0.0,0.0,7.48,8.2,6.4,0.0,6.0,24.999999999999996,0.0
2018-10-11,311815.36,3721.26,3487.24,0.0,0.0,0.0,0.0,0.0,0.0,0.0,0.0,13.6,15.5,12.1,329423.26,3986.92,3656.53,0.0,0.0,0.0,0.0,0.0,0.0,0.0,0.0,13.93,16.6,11.7,361209.63,4334.23,3919.49,0.0,0.0,0.0,0.0,0.0,0.0,0.0,0.0,13.87,17.6,10.4,377468.93,4526.37,4263.41,0.0,0.0,0.0,0.0,0.0,0.0,0.0,0.0,14.58,16.3,13.1,0.0,0.0,12.0,0.0
2018-11-11,286224.88,4429.7,2736.12,1.35,0.53,0.52,0.0,0.0,0.0,0.0,0.0,17.24,21.4,14.5,248083.65,2968.5,2785.2,13.48,2.12,1.54,1.51,2.76,0.5,0.5,0.0,17.44,18.3,15.6,262654.25,3192.38,2901.22,0.0,0.0,0.0,0.0,5.31,1.0,1.0,0.5,19.24,22.0,17.0,292432.63,3678.03,3157.39,0.0,0.0,0.0,0.0,0.0,0.0,0.0,0.0,18.19,22.1,14.7,0.0,0.0,85.00000000000001,0.0
2018-11-15,234382.43,2934.77,2575.15,0.0,0.0,0.0,0.0,0.0,0.0,0.0,0.0,19.82,24.5,15.7,269354.69,3334.43,2719.84,0.45,0.0,0.0,0.0,0.0,0.0,0.0,0.0,18.72,23.1,14.7,244412.55,2968.5,2703.6,7.19,0.0,0.52,0.5,0.5,0.0,0.0,0.0,18.46,22.0,15.6,285147.16,3986.92,2968.5,0.0,0.0,0.0,0.0,7.0,0.0,0.5,0.5,16.96,19.9,14.3,0.0,0.0,209.99999999999994,0.0
2018-11-20,322505.19,5920.9,2219.09,3.14,0.53,0.52,1.84,2.79,0.8,2.0,4.37,14.54,15.7,13.5,190472.63,2279.69,2159.02,8.98,0.0,0.0,0.0,1.24,0.5,0.5,1.0,17.22,19.2,14.8,198382.39,2387.05,2219.09,0.0,0.0,0.0,0.0,6.0,0.0,0.0,0.0,19.17,22.9,16.0,210304.62,2511.86,2325.5,0.0,0.0,0.0,0.0,0.0,0.0,0.0,0.0,19.13,23.3,16.0,0.0,0.0,108.00000000000003,0.0
2018-11-25,275887.54,3425.0,3002.41,0.0,0.53,0.0,0.0,2.46,2.0,3.16,2.27,17.51,19.7,15.6,334976.94,4429.7,3388.6,0.0,0.0,0.0,0.0,0.0,0.48,0.0,0.0,16.71,20.9,13.0,452407.81,5836.32,4429.7,1.35,0.53,0.52,0.46,0.0,0.0,0.0,0.0,14.46,15.7,13.2,456990.09,7053.48,4077.88,6.74,2.65,2.06,4.13,1.0,0.5,0.5,0.5,15.42,17.7,13.1,0.0,0.0,52.00000000000001,0.0
2018-12-03,858648.71,12303.78,7863.09,1.8,9.53,12.87,0.46,6.09,0.76,2.4,1.0,16.69,18.7,14.6,761914.72,11231.88,7614.19,0.0,1.59,2.06,1.38,0.5,6.15,5.22,0.5,16.1,17.3,15.0,914303.93,12168.28,8436.47,0.0,0.53,0.0,0.0,0.0,0.5,1.0,1.0,16.22,18.8,14.2,1555317.84,25216.52,11898.58,1.12,0.0,0.0,0.0,0.0,0.5,0.0,0.0,15.01,17.1,12.7,0.0,4.0,74.99999999999997,0.0
2018-12-09,440731.57,5718.92,4563.44,0.0,0.0,0.0,0.0,0.0,0.0,0.0,0.0,17.48,21.7,13.5,577630.17,7684.87,5659.35,0.0,0.0,0.0,0.0,0.0,0.0,0.0,0.0,15.04,17.7,12.4,612347.06,8164.37,6242.32,6.29,1.06,4.12,1.84,0.0,0.0,0.0,0.0,15.39,16.9,14.2,610610.75,8202.83,6305.83,13.92,3.18,2.57,1.38,2.81,0.5,3.0,0.5,16.72,19.1,14.7,0.0,0.0,62.99999999999999,0.0
2018-12-13,521579.54,14246.17,3829.53,25.61,0.0,12.87,2.3,2.5,1.0,4.11,0.5,18.66,20.6,17.3,281655.32,3829.53,3078.44,13.92,9.53,2.58,13.3,5.01,0.0,8.45,1.5,18.57,20.4,16.7,314990.12,3951.14,3341.21,0.0,0.0,0.0,0.0,12.53,6.83,1.02,13.0,20.03,24.1,16.7,365716.07,4616.6,3902.25,0.0,0.0,0.0,0.0,0.0,0.0,0.0,0.0,20.29,24.7,16.4,1.0,0.0,5200.000000000001,1.0
2018-12-17,615447.35,7899.0,6179.16,0.0,0.0,0.0,0.0,0.0,0.0,0.0,0.0,20.11,23.7,16.5,819714.8,12758.57,7300.46,0.0,0.0,3.09,0.0,0.0,0.0,0.0,0.0,18.37,22.3,14.7,983102.86,13916.56,9125.35,13.03,1.59,1.03,6.43,0.0,0.0,2.5,0.0,17.5,19.7,16.0,1314675.52,23084.81,10120.6,5.39,2.65,5.15,1.84,11.34,0.63,0.5,4.41,17.24,19.4,15.4,2.0,0.0,131.99999999999997,0.0
2018-12-23,684396.1,13542.73,3569.23,0.9,12.18,5.15,9.63,0.0,0.0,0.0,0.0,18.77,21.5,16.5,323022.72,3975.7,3546.06,16.17,1.59,0.0,0.46,0.5,8.14,4.0,4.2,18.67,21.2,16.7,349234.49,4328.28,3781.46,6.29,0.53,0.0,6.88,4.99,0.5,0.0,0.5,18.24,19.6,17.1,349027.91,4302.56,3877.93,2.25,9.0,6.69,4.59,3.09,0.3,0.5,7.23,19.35,20.9,17.8,0.0,0.0,122.00000000000003,0.0
2018-12-31,460719.86,5778.82,4859.89,0.0,0.0,0.0,0.0,0.0,0.0,0.0,0.0,17.73,20.6,15.5,564024.73,7439.02,5629.69,0.0,0.0,0.0,0.0,0.0,0.0,0.0,0.0,18.03,19.6,16.9,772267.11,10924.46,7300.46,0.0,0.0,0.0,0.0,0.0,0.0,0.0,0.0,18.91,22.4,15.6,1313169.38,23642.4,10749.85,0.45,0.0,0.0,0.0,0.0,0.0,0.0,0.0,17.5,20.8,15.0,2.0,2.0,62.00000000000001,0.0
2019-01-06,222687.7,2706.47,2398.47,0.0,0.0,0.0,0.0,0.0,0.0,0.0,0.0,21.37,26.0,17.3,246909.4,3057.08,2647.06,0.0,0.0,0.0,0.0,0.0,0.0,0.0,0.0,20.5,23.9,17.9,277883.85,3386.16,2951.49,0.0,0.0,0.0,0.0,0.0,0.0,0.0,0.0,20.46,23.4,18.7,302542.3,3757.55,3274.41,1.35,0.0,0.0,0.0,0.0,0.0,0.0,0.0,20.95,23.3,19.2,0.0,0.0,119.99999999999997,0.0
2019-01-14,141084.45,1877.72,1513.94,8.53,1.06,1.03,3.21,5.35,2.0,2.89,2.0,22.04,25.5,19.6,141195.12,1720.44,1513.94,0.0,0.0,0.0,0.0,3.35,0.5,0.5,2.5,22.13,26.5,18.2,156829.29,1942.92,1659.81,0.45,0.0,0.0,0.0,0.0,0.0,0.0,0.0,22.51,26.2,19.7,158612.24,1893.9,1798.06,1.8,0.0,0.0,0.0,0.5,0.0,0.0,0.0,21.47,23.8,19.7,0.0,0.0,171.00000000000009,0.0
2019-01-17,2090582.02,46111.48,16818.22,6.72,0.0,0.0,0.0,0.5,0.0,0.0,0.0,15.0,16.5,13.7,1613683.63,48464.52,2726.44,39.42,0.0,0.0,0.0,1.46,0.0,0.0,0.0,16.97,19.2,14.3,197143.13,2847.96,1845.61,13.92,6.88,9.26,4.13,3.95,0.0,0.0,0.0,20.57,22.7,18.7,141084.45,1877.72,1513.94,8.53,1.06,1.03,3.21,5.35,2.0,2.89,2.0,22.04,25.5,19.6,0.0,1.0,299.99999999999994,0.0
2019-01-20,505371.31,6760.21,5138.02,0.0,0.0,0.0,0.0,3.16,2.9,2.0,2.73,21.35,24.8,18.7,721296.78,10968.23,6661.4,0.0,0.0,0.0,0.0,0.0,0.0,0.0,0.0,19.94,22.4,18.0,1346036.01,19525.21,10880.73,1.34,0.0,0.0,0.0,0.0,0.0,0.0,0.0,18.26,21.9,15.3,2090582.02,46111.48,16818.22,6.72,0.0,0.0,0.0,0.5,0.0,0.0,0.0,15.0,16.5,13.7,0.0,2.0,108.00000000000003,0.0
2019-01-28,244971.55,2909.83,2766.62,1.79,0.0,0.52,3.36,0.49,0.5,0.0,0.0,19.03,19.8,18.0,262627.23,3252.31,2847.96,0.0,0.0,0.0,0.0,0.5,0.0,0.5,1.5,20.02,23.0,17.7,316699.45,4302.56,3186.49,0.0,0.0,0.0,0.0,0.0,0.0,0.0,0.0,20.25,24.6,16.3,301309.99,4354.08,3252.31,12.11,0.0,0.0,0.42,0.0,0.0,0.0,0.0,20.77,24.1,17.8,1.0,0.0,98.00000000000004,0.0
2019-02-03,177704.93,2128.93,1959.42,2.69,4.22,3.11,1.26,0.0,0.0,0.0,0.0,21.26,24.5,16.9,183521.79,2199.01,2026.24,0.0,0.0,0.0,0.0,1.26,1.92,1.77,1.0,22.5,25.2,20.8,193263.38,2343.09,2128.93,0.0,0.0,0.0,0.0,0.0,0.0,0.0,0.0,23.82,28.4,20.3,204957.52,2492.39,2252.43,0.0,0.0,0.0,0.0,0.0,0.0,0.0,0.0,23.27,25.2,21.7,0.0,0.0,74.99999999999997,0.0
2019-02-11,147453.19,1782.37,1615.19,0.0,0.0,0.0,0.0,0.0,0.0,0.0,0.0,20.3,22.8,17.2,163142.98,2009.41,1720.44,0.0,0.0,0.0,0.0,0.0,0.0,0.0,0.0,20.5,24.8,16.6,192108.2,2588.39,1942.92,0.0,0.0,0.0,0.0,0.0,0.0,0.0,0.0,19.61,23.3,16.5,186924.75,2706.47,1926.5,0.0,0.0,0.0,0.0,0.0,0.0,0.0,0.0,18.85,22.8,15.5,0.0,0.0,144.99999999999997,0.0
2019-02-14,128027.2,1556.85,1403.11,0.0,0.0,0.0,0.0,0.0,0.0,0.0,0.0,21.81,26.0,18.9,131275.93,1571.31,1457.87,0.0,0.0,0.0,0.0,0.0,0.0,0.0,0.0,20.68,24.1,18.0,138037.37,1659.81,1499.8,0.0,0.0,0.0,0.0,0.0,0.0,0.0,0.0,21.49,26.3,17.4,147453.19,1782.37,1615.19,0.0,0.0,0.0,0.0,0.0,0.0,0.0,0.0,20.3,22.8,17.2,0.0,0.0,149.99999999999997,0.0
2019-02-19,105459.98,1271.91,1172.83,0.0,0.0,0.0,0.0,0.0,0.0,0.0,0.0,19.86,23.2,17.8,108929.57,1323.42,1184.93,0.0,0.0,0.0,0.0,0.0,0.0,0.0,0.0,19.43,24.4,15.4,113445.42,1376.22,1259.24,0.0,0.0,0.0,0.0,0.0,0.0,0.0,0.0,19.24,23.1,16.5,114816.67,1376.22,1284.67,0.0,0.0,1.03,0.0,0.0,0.0,0.0,0.0,20.82,22.4,18.6,0.0,0.0,184.99999999999991,0.0
2019-02-25,264309.57,4074.8,2607.87,17.92,16.34,16.05,22.7,1.0,0.0,0.0,0.0,18.09,20.1,16.4,200926.73,4124.84,1829.68,12.09,0.53,0.0,0.0,2.53,3.12,3.53,8.42,20.46,22.4,18.6,186435.44,3078.44,1113.54,5.82,1.05,0.0,0.84,9.62,0.5,0.0,0.5,20.39,21.3,19.1,98675.4,1197.11,1101.93,20.16,0.0,0.0,0.0,3.0,1.0,0.0,0.5,20.38,23.1,18.0,1.0,0.0,384.0,0.0
2019-03-03,136134.44,1659.81,1485.74,0.0,0.0,0.0,0.0,0.0,0.0,0.0,0.0,16.61,19.6,14.0,156417.07,1926.5,1644.86,0.0,0.0,0.0,0.0,0.0,0.0,0.0,0.0,16.96,21.2,13.1,180204.67,2324.8,1861.63,1.79,2.11,0.0,0.0,0.0,0.0,0.0,0.0,17.8,21.1,15.6,236070.47,3274.41,2270.4,0.0,0.53,1.04,0.0,1.0,1.07,1.0,0.0,17.16,19.7,14.8,0.0,0.0,85.99999999999997,0.0
2019-03-11,159853.99,2146.33,1674.85,2.52,0.0,0.0,0.84,0.0,0.0,0.0,0.0,19.39,22.0,17.3,162718.5,2094.37,1556.85,0.23,1.97,2.59,1.68,2.98,0.0,0.0,0.5,19.57,23.0,16.7,107075.97,1571.31,1137.01,6.64,19.11,24.33,11.77,1.5,2.63,3.0,3.42,19.42,20.8,18.4,104049.43,1271.91,1148.87,0.0,0.0,0.0,0.0,3.5,4.0,5.16,3.58,20.2,23.9,17.0,0.0,0.0,1295.9999999999998,1.0
2019-03-14,174792.31,2252.43,1877.72,7.1,2.11,0.52,0.84,2.54,2.05,0.8,1.5,19.96,21.5,18.5,244731.77,3781.46,2216.74,0.0,0.0,0.0,0.0,6.19,0.88,0.5,1.0,19.19,21.9,16.9,442617.22,7684.87,1689.96,0.0,0.0,0.0,0.0,0.0,0.0,0.0,0.0,18.08,19.7,16.0,159853.99,2146.33,1674.85,2.52,0.0,0.0,0.84,0.0,0.0,0.0,0.0,19.39,22.0,17.3,0.0,0.0,1200.0,1.0
2019-03-17,238559.49,3296.6,2324.8,0.0,0.0,0.0,0.0,0.0,0.0,0.0,0.0,20.51,22.7,18.9,362165.63,4887.33,3296.6,0.0,0.0,0.0,0.0,0.0,0.0,0.0,0.0,20.18,22.4,18.5,307569.12,5482.61,1877.72,2.98,3.69,1.55,3.36,0.0,0.0,0.0,0.2,20.19,22.0,19.1,174792.31,2252.43,1877.72,7.1,2.11,0.52,0.84,2.54,2.05,0.8,1.5,19.96,21.5,18.5,0.0,0.0,74.99999999999997,0.0
2019-03-25,108774.96,1310.42,1184.93,0.0,0.0,0.0,0.0,0.0,0.0,0.0,2.87,18.89,21.3,16.9,111261.43,1336.5,1234.14,0.0,0.0,0.0,0.0,0.0,0.0,0.0,0.0,19.88,22.8,17.8,115715.95,1389.63,1284.67,0.0,0.0,0.0,0.0,0.0,0.0,0.0,0.0,19.29,22.3,16.6,121632.87,1457.87,1323.42,0.0,0.0,0.0,0.0,0.0,0.0,0.0,0.0,19.44,23.0,16.5,0.0,0.0,202.99999999999997,0.0
2019-03-31,109697.75,1362.9,1078.95,0.0,0.0,0.0,0.0,0.0,0.0,1.5,0.0,18.25,21.2,15.6,95695.32,1172.83,1056.3,0.0,0.0,0.0,0.0,0.0,0.0,0.0,0.0,17.94,21.0,15.6,98551.0,1172.83,1090.4,0.23,0.0,0.52,0.0,0.0,0.0,0.0,0.0,18.04,20.3,16.2,96464.93,1148.87,1090.4,1.6,1.58,3.11,0.97,0.5,0.0,0.5,0.0,18.31,21.4,17.0,0.0,0.0,327.0,0.0
2019-04-09,151047.43,1829.68,1689.96,2.52,0.0,0.0,0.97,0.0,0.0,0.0,2.5,14.19,15.5,13.1,156055.43,1877.72,1720.44,0.0,0.0,0.0,0.0,2.0,0.0,0.0,0.82,13.62,16.0,11.4,143325.94,1751.24,1585.86,0.92,0.53,0.0,0.49,0.0,0.0,0.0,0.0,13.7,14.7,12.8,162232.3,2111.61,1705.16,0.0,0.0,0.0,0.0,0.5,0.5,0.0,0.5,14.49,15.8,13.0,0.0,0.0,417.0,0.0
2019-04-11,208546.04,2889.13,2077.22,1.83,0.0,0.0,0.0,3.5,4.04,2.51,5.15,15.73,17.5,14.1,263054.93,4149.98,1735.8,0.0,0.0,0.0,2.43,1.76,0.0,0.0,0.0,14.42,16.4,12.6,151047.43,1829.68,1689.96,2.52,0.0,0.0,0.97,0.0,0.0,0.0,2.5,14.19,15.5,13.1,156055.43,1877.72,1720.44,0.0,0.0,0.0,0.0,2.0,0.0,0.0,0.82,13.62,16.0,11.4,0.0,0.0,110.00000000000004,0.0
2019-04-14,807369.33,15089.92,6375.9,0.69,0.0,0.0,0.0,0.0,0.0,0.0,0.0,11.06,12.0,10.0,1896829.76,89496.97,2379.93,14.24,17.22,13.01,10.72,0.93,0.0,0.0,0.0,13.04,14.8,11.2,180493.1,2398.47,1976.0,6.15,12.31,15.99,12.66,9.97,6.83,5.44,2.5,15.2,16.1,14.5,208546.04,2889.13,2077.22,1.83,0.0,0.0,0.0,3.5,4.04,2.51,5.15,15.73,17.5,14.1,0.0,1.0,131.99999999999997,0.0
2019-04-23,172048.42,2126.62,1815.35,4.12,7.64,7.94,7.3,0.5,0.0,0.0,0.0,13.31,14.0,12.7,165132.52,1992.22,1815.35,0.0,0.0,0.0,0.0,1.76,1.5,2.11,1.84,13.66,15.0,12.6,175776.65,2126.62,1926.85,0.0,0.0,0.0,0.0,0.0,0.0,0.0,0.0,14.15,16.0,12.5,189192.51,2319.34,2058.82,0.0,0.0,0.0,0.0,0.0,0.0,0.0,0.0,12.57,15.0,10.0,0.0,0.0,10.000000000000002,0.0
2019-04-28,180490.34,2248.2,1943.08,0.0,0.0,0.0,0.0,3.31,1.0,0.5,1.0,14.46,16.6,12.5,189973.9,2265.87,2126.62,0.23,0.0,0.0,0.0,0.0,0.0,0.0,0.0,15.11,16.6,14.0,156265.61,2143.76,1753.31,0.46,0.0,0.0,0.0,0.5,0.0,0.0,0.0,15.0,16.6,13.3,167363.28,2126.62,1799.73,0.0,0.0,0.0,0.0,0.5,0.0,0.0,0.0,14.78,17.0,13.1,0.0,0.0,95.99999999999999,0.0
2019-05-16,295165.12,4049.86,3008.09,1.6,1.64,1.99,1.95,2.0,0.0,0.5,0.5,11.96,13.5,10.7,559442.07,12134.72,4049.86,0.0,0.0,0.0,0.0,1.08,0.99,1.0,0.78,10.51,11.5,9.3,332200.93,15029.05,1877.16,6.87,9.83,8.44,7.3,0.0,0.0,0.0,0.0,13.39,14.1,11.3,163142.6,1954.19,1816.12,2.06,1.64,3.97,1.95,3.41,1.5,2.13,2.5,13.29,14.3,12.0,0.0,0.0,119.99999999999997,0.0
2019-06-13,610129.92,7694.3,6622.67,1.18,3.82,5.07,2.44,6.0,5.16,11.14,10.35,10.17,10.6,9.6,706346.53,8622.28,7626.75,0.59,0.55,0.5,0.49,1.5,1.26,1.66,1.01,10.3,11.2,9.4,716040.91,9000.04,7864.67,2.96,0.55,0.0,0.0,0.5,0.5,0.5,0.5,9.52,10.5,8.6,1007510.25,15207.74,9000.04,0.0,0.0,0.0,0.0,0.62,0.5,0.0,0.0,8.16,8.8,7.1,0.0,0.0,1500.0,1.0
2019-07-18,1267336.05,22299.01,11879.78,16.39,17.76,10.36,10.06,1.78,0.5,0.5,0.5,8.36,9.0,7.9,1025327.52,13040.39,11155.17,3.25,6.46,7.76,6.35,4.84,3.0,3.0,3.5,8.53,9.5,7.9,1570934.42,34355.28,12958.23,1.48,0.0,1.55,0.53,3.5,1.62,2.29,2.49,8.26,9.1,7.5,1178285.21,34355.28,10174.2,13.01,23.13,16.57,18.53,1.5,0.0,0.5,0.5,8.86,9.3,8.6,1.0,1.0,369.9999999999999,0.0
2019-08-15,2177741.84,30656.99,21374.03,6.8,0.0,0.0,0.0,0.0,0.0,0.0,0.0,8.51,9.5,7.8,3223986.82,58486.39,24155.04,4.43,1.08,0.52,2.74,2.5,0.0,0.0,0.0,8.21,8.9,7.6,2361632.77,57660.23,19027.85,16.26,10.76,20.18,16.32,2.0,1.0,0.5,1.59,8.3,8.7,7.9,1218840.92,21052.63,10351.55,13.9,14.52,13.46,15.36,7.25,2.5,6.49,5.5,8.7,9.1,8.2,0.0,2.0,48.00000000000001,0.0
2019-09-19,1178729.43,19638.98,10174.2,0.0,0.0,0.49,0.0,0.0,0.0,0.0,0.0,10.13,12.5,7.6,780155.22,10280.37,8583.28,8.73,1.6,0.99,0.5,0.0,0.0,0.5,0.0,11.0,12.3,10.0,806502.2,9859.93,8826.09,0.0,0.0,0.0,0.0,3.0,1.0,0.5,0.5,10.71,12.4,9.3,947237.93,12232.9,9688.08,0.97,1.07,0.99,1.0,0.0,0.0,0.0,0.0,10.72,12.7,9.3,0.0,0.0,12.0,0.0
2019-10-17,5644597.42,132737.66,33256.54,12.61,22.39,0.0,3.51,1.0,0.0,0.0,0.0,9.48,10.6,8.4,2352508.44,122214.3,6835.0,18.43,0.53,0.0,3.01,2.0,10.18,0.0,1.0,11.45,12.9,8.9,623643.0,7504.01,6972.36,0.0,0.0,0.0,0.0,4.11,0.5,0.0,1.0,13.32,15.5,10.9,683327.37,8404.32,7419.04,0.0,0.0,0.0,0.0,0.0,0.0,0.0,0.0,13.94,16.8,11.4,1.0,1.0,289.99999999999994,0.0
2019-11-03,435547.15,5347.78,4725.03,0.0,0.0,0.0,0.0,0.0,0.0,0.0,0.0,15.36,18.5,12.6,484741.02,6059.22,5236.6,0.97,0.0,0.0,0.0,0.0,0.0,0.0,0.0,14.45,17.1,12.2,542824.98,6456.03,6007.03,2.91,1.6,0.99,0.34,0.71,0.0,0.0,0.0,14.22,17.8,11.3,556009.05,6835.0,6111.57,0.97,1.07,0.49,0.67,1.0,1.0,0.5,0.67,12.96,14.2,11.3,0.0,0.0,85.99999999999997,0.0
2019-11-11,261150.11,3554.62,2791.47,25.22,19.48,26.33,28.07,3.0,1.0,1.0,3.01,17.75,19.1,16.2,253396.12,3034.93,2851.31,0.0,0.0,0.0,0.0,6.26,6.78,12.81,5.23,19.17,21.7,16.7,271902.21,3311.0,3014.23,0.0,0.0,0.0,0.0,0.0,0.0,0.0,0.0,19.7,23.7,16.0,294963.3,3554.62,3267.7,0.0,0.0,0.0,0.0,0.0,0.0,0.0,0.0,18.75,22.5,15.2,1.0,0.0,2499.9999999999995,1.0
2019-11-14,314849.53,4021.05,3203.31,0.0,0.0,0.0,0.0,2.86,8.0,4.34,5.78,16.19,19.3,13.5,382893.85,5746.49,3854.35,0.97,1.02,0.0,0.0,0.0,0.0,0.0,0.0,16.24,19.3,14.3,464072.4,6509.66,3509.64,3.88,2.56,2.98,6.02,1.0,1.0,0.0,0.0,16.55,18.2,15.4,261150.11,3554.62,2791.47,25.22,19.48,26.33,28.07,3.0,1.0,1.0,3.01,17.75,19.1,16.2,1.0,0.0,24.999999999999996,0.0
2019-11-17,459881.79,6807.65,4045.17,0.0,0.0,0.0,0.0,1.0,1.0,4.05,1.0,16.72,19.7,14.0,372986.44,7504.01,3097.5,4.85,8.71,5.46,7.02,0.0,0.0,0.0,0.0,15.98,18.8,13.7,268353.29,3224.69,3014.23,5.82,12.82,5.96,7.02,2.0,4.91,3.0,4.5,16.63,19.7,14.5,314849.53,4021.05,3203.31,0.0,0.0,0.0,0.0,2.86,8.0,4.34,5.78,16.19,19.3,13.5,1.0,0.0,62.99999999999999,0.0
2019-11-25,202635.9,2446.76,2248.2,0.0,0.0,0.0,0.0,0.0,0.0,0.0,0.0,20.13,23.9,16.6,218673.8,2635.23,2409.98,0.0,0.0,0.0,0.0,0.0,0.0,0.0,0.0,19.34,23.9,15.0,239563.02,2932.16,2616.04,0.0,0.0,0.0,0.0,0.0,0.0,0.0,0.0,17.56,21.1,14.6,277024.2,3442.75,2891.59,0.0,0.0,0.0,0.0,0.0,0.0,0.0,0.0,17.43,21.9,13.7,0.0,0.0,131.99999999999997,0.0
2019-12-01,181579.27,2771.68,1692.48,5.06,0.0,0.0,0.0,0.5,0.0,0.0,0.0,21.72,26.2,17.4,150551.35,1799.73,1707.58,0.0,0.0,0.0,0.0,4.0,0.0,0.0,0.0,21.59,25.7,18.1,156251.04,1878.61,1737.99,0.0,0.0,0.0,0.0,0.0,0.0,0.0,0.0,20.78,24.2,17.7,167165.92,2008.76,1831.05,0.0,0.0,0.0,0.0,0.0,0.0,0.0,0.0,20.5,24.5,16.6,0.0,0.0,119.99999999999997,0.0
2019-12-09,154970.41,2337.32,1461.31,10.62,29.72,28.81,29.01,0.5,0.5,0.0,0.5,18.95,20.2,17.3,133163.85,1618.16,1461.31,0.0,0.0,0.0,0.0,3.5,10.85,8.28,8.88,20.03,23.4,16.6,143875.42,1753.31,1574.47,0.0,0.0,0.0,0.0,0.0,0.0,0.0,0.0,19.64,24.2,15.9,164697.85,2230.6,1707.58,0.0,0.0,0.0,0.0,0.0,0.0,0.0,0.0,18.66,21.1,16.8,1.0,0.0,213.00000000000009,0.0
2019-12-12,140921.1,1784.18,1489.14,0.0,0.0,0.0,0.0,0.0,0.0,0.0,0.0,19.84,25.4,15.0,178163.42,2540.05,1737.99,0.0,0.0,0.0,0.0,0.0,0.0,0.0,0.0,19.13,24.0,14.9,210918.49,3014.23,2143.76,0.51,0.51,0.0,0.43,0.0,0.0,0.0,0.0,18.9,23.0,15.9,154970.41,2337.32,1461.31,10.62,29.72,28.81,29.01,0.5,0.5,0.0,0.5,18.95,20.2,17.3,1.0,0.0,69.00000000000001,0.0
2019-12-15,116537.05,1393.05,1310.17,6.58,1.02,0.0,0.0,2.4,0.0,0.0,0.0,20.35,23.8,18.0,119046.74,1433.78,1331.54,0.51,0.0,0.0,0.0,1.0,0.5,0.0,0.0,21.37,26.0,18.0,125598.14,1517.28,1379.62,0.0,0.0,0.0,0.0,0.0,0.0,0.0,0.0,21.14,26.4,16.4,140921.1,1784.18,1489.14,0.0,0.0,0.0,0.0,0.0,0.0,0.0,0.0,19.84,25.4,15.0,1.0,0.0,156.0,0.0
2019-12-23,367059.88,5516.84,3267.7,0.0,0.0,0.0,0.0,0.0,0.5,0.0,0.0,17.47,21.4,13.5,736576.85,16877.36,5488.47,0.0,2.56,5.15,1.73,0.0,0.0,0.0,0.0,16.49,19.6,13.4,335261.13,17257.8,3224.69,31.84,12.82,14.72,12.99,6.53,2.5,5.07,1.84,16.89,19.2,15.4,465289.11,7027.6,2732.31,1.04,0.0,0.0,0.0,6.19,4.16,5.5,5.0,16.18,18.1,14.3,0.0,0.0,97.0,0.0
2019-12-29,136176.7,1662.53,1475.19,6.07,0.0,0.0,0.0,0.0,0.0,0.0,0.0,19.55,23.6,16.7,149000.68,1799.73,1603.52,2.02,0.0,0.0,0.0,6.0,0.0,0.0,0.0,20.23,24.1,18.1,159054.71,1943.08,1722.75,0.51,0.0,0.0,0.0,0.0,0.0,0.0,0.0,20.08,24.3,16.7,175761.86,2126.62,1910.69,0.0,0.0,0.0,0.0,0.5,0.0,0.0,0.0,19.87,23.6,16.6,0.0,0.0,135.00000000000003,0.0
2020-01-06,94082.34,1132.35,1060.99,6.07,0.0,0.0,0.0,0.0,0.0,0.0,0.0,,,,96179.29,1163.26,1060.99,0.0,0.0,0.0,0.0,3.0,0.0,0.0,0.0,,,,103008.29,1257.18,1122.09,0.0,0.0,0.0,0.0,0.0,0.0,0.0,0.0,,,,109392.55,1320.84,1204.77,0.0,0.0,0.0,0.0,0.0,0.0,0.0,0.0,,,,0.0,0.0,213.00000000000009,0.0
2020-01-12,87309.79,1060.99,960.8,0.0,0.0,0.0,0.0,0.0,0.0,0.0,0.0,19.85,25.0,15.7,90961.06,1091.45,1010.65,0.0,0.0,0.0,0.0,0.0,0.0,0.0,0.0,19.07,23.6,15.5,93468.31,1111.86,1040.79,0.0,0.0,0.0,0.0,0.0,0.0,0.0,0.0,18.56,21.3,16.1,96900.64,1173.6,1071.12,0.0,0.0,0.0,0.0,0.0,0.0,0.0,0.0,18.75,23.2,15.1,0.0,0.0,108.99999999999997,0.0
2020-01-20,91974.46,1111.86,1030.72,0.0,0.0,0.0,0.0,0.0,0.0,0.0,0.0,21.12,26.1,17.4,95677.37,1152.93,1060.99,0.0,0.0,0.0,0.0,0.0,0.0,0.0,0.0,18.7,22.2,15.1,104667.34,1299.53,1111.86,0.0,0.0,0.51,0.0,0.0,0.0,0.0,0.0,19.28,24.5,15.6,125964.33,1647.66,1288.9,0.0,0.0,0.0,0.0,0.0,0.0,0.5,0.0,18.39,21.3,15.6,0.0,0.0,10.000000000000002,0.0
2020-01-26,78971.47,960.8,852.85,0.0,0.0,0.0,0.0,0.0,0.0,0.0,0.0,23.42,28.4,19.7,83563.63,1010.65,911.45,0.0,0.0,0.51,0.0,0.0,0.0,0.0,0.0,23.39,28.2,20.4,87791.12,1040.79,970.73,0.0,0.0,0.0,0.0,0.0,0.0,0.5,0.0,21.48,25.3,18.2,92241.73,1101.64,1030.72,0.0,0.0,0.0,0.0,0.0,0.0,0.0,0.0,21.05,22.8,19.8,0.0,0.0,119.99999999999997,0.0
2020-01-30,74700.55,921.28,804.52,0.0,0.0,0.0,0.0,0.0,0.0,0.0,0.5,22.04,24.6,20.4,70805.03,901.64,785.31,0.49,1.05,1.02,0.88,0.0,0.0,0.0,0.5,21.53,22.7,20.0,71064.58,872.31,785.31,0.0,0.0,0.0,0.0,0.5,0.5,0.5,0.5,22.73,26.1,20.6,74086.9,901.64,804.52,0.0,0.0,0.0,0.0,0.0,0.0,0.0,0.0,23.75,29.1,19.9,0.0,0.0,249.9999999999999,0.0
2020-02-03,59270.16,794.91,643.46,0.0,0.0,0.0,0.0,0.0,0.0,0.0,0.0,22.33,26.2,19.5,63143.21,785.31,671.53,0.0,0.0,0.0,0.0,0.0,0.0,0.0,0.0,22.25,26.8,19.0,67823.22,833.46,737.6,0.0,0.0,0.0,0.0,0.0,0.0,0.0,0.0,21.25,25.9,18.0,72922.05,911.45,785.31,0.0,0.0,0.0,0.44,0.0,0.0,0.0,0.0,21.99,26.5,19.3,0.0,0.0,131.99999999999997,0.0
2020-02-09,54859.75,680.92,597.0,0.0,1.05,0.0,4.82,0.0,1.0,0.5,0.0,19.91,23.2,17.9,58154.9,718.64,615.54,0.0,0.0,0.0,0.0,0.0,0.0,0.0,5.5,21.27,26.5,17.5,61405.99,775.74,643.46,0.0,0.0,0.0,0.0,0.0,0.0,0.0,0.0,20.83,25.3,17.4,56969.99,728.11,615.54,0.9,0.0,0.0,0.0,0.0,0.0,0.0,0.0,21.21,24.8,18.8,0.0,0.0,158.00000000000003,0.0
2020-02-17,41175.04,514.37,441.95,0.0,0.0,0.0,0.0,0.0,0.0,0.0,0.0,23.32,27.4,20.1,40743.52,505.27,441.95,0.0,0.0,0.0,0.0,0.0,0.0,0.0,0.0,22.98,28.1,19.1,42948.77,532.63,459.97,0.0,0.0,0.0,0.0,0.0,0.0,0.0,0.0,22.4,27.7,18.4,43550.05,541.78,478.04,0.0,0.0,0.0,0.0,0.0,0.0,0.0,0.0,22.16,25.7,19.6,0.0,0.0,131.99999999999997,0.0
2020-02-20,50814.5,643.46,532.63,0.49,0.0,0.0,0.0,0.0,0.0,0.0,0.0,21.88,25.7,19.8,45427.04,560.12,496.18,0.99,1.05,4.07,1.32,0.5,0.0,0.0,0.0,21.65,23.2,20.2,41897.07,523.49,450.95,0.0,0.0,0.0,0.0,0.5,0.5,3.5,1.5,21.73,22.6,20.7,41175.04,514.37,441.95,0.0,0.0,0.0,0.0,0.0,0.0,0.0,0.0,23.32,27.4,20.1,0.0,0.0,549.9999999999998,1.0
2020-02-23,48146.08,699.75,459.97,21.2,9.45,14.75,6.58,1.0,1.0,1.0,1.5,20.44,21.4,19.0,45186.09,578.53,441.95,0.0,0.0,0.0,0.0,6.0,2.0,6.5,2.0,21.27,25.3,17.6,50618.01,643.46,532.63,0.0,0.0,0.0,0.0,0.0,0.0,0.0,0.0,21.84,26.9,18.1,50814.5,643.46,532.63,0.49,0.0,0.0,0.0,0.0,0.0,0.0,0.0,21.88,25.7,19.8,0.0,0.0,776.0000000000002,1.0
2020-03-02,48591.5,597.0,532.63,0.0,0.0,0.0,0.0,0.0,0.0,0.0,0.0,20.0,25.4,15.6,47153.57,597.0,505.27,1.48,1.58,2.04,0.0,0.0,0.0,0.0,0.0,20.17,23.2,18.4,47588.97,597.0,505.27,0.0,0.0,0.0,0.0,0.5,1.0,1.0,0.0,21.43,26.3,17.9,51725.8,643.46,550.94,0.0,0.0,0.0,0.0,0.0,0.0,0.0,0.0,21.56,26.2,18.3,0.0,0.0,457.00000000000017,0.0
2020-03-08,87117.14,1081.28,931.13,0.0,0.0,0.0,0.0,0.0,0.0,0.0,0.0,18.59,23.5,14.7,96875.95,1225.67,1030.72,0.0,0.0,0.0,0.0,0.0,0.0,0.0,0.0,18.26,22.5,15.2,93857.14,1342.26,794.91,0.0,0.0,0.0,0.0,0.0,0.0,0.0,0.0,18.36,22.2,15.6,53166.95,794.91,487.1,9.86,2.63,2.03,2.63,0.0,0.0,0.0,0.0,20.52,21.8,17.5,0.0,0.0,228.00000000000006,0.0
2020-03-16,63569.94,785.31,680.92,0.0,0.0,0.0,0.0,0.0,0.0,0.0,0.0,18.66,23.2,15.0,72363.33,931.13,747.11,0.0,0.0,0.0,0.0,0.0,0.0,0.0,0.0,18.39,23.0,14.7,90877.23,1194.36,931.13,0.0,0.0,0.0,0.0,0.0,0.0,0.0,0.0,17.58,22.2,13.6,125254.4,1677.47,1194.36,0.0,0.0,0.0,0.0,0.0,0.0,0.0,0.0,16.84,20.1,14.3,0.0,0.0,322.99999999999994,0.0
2020-03-22,56921.16,699.75,624.83,0.0,0.0,0.0,0.0,6.0,0.5,3.0,0.0,17.48,20.9,15.0,56800.72,690.32,634.14,0.49,0.52,0.0,0.0,0.0,0.0,0.0,0.0,16.16,18.0,14.9,55375.05,680.92,587.76,0.49,0.0,0.0,0.0,0.5,0.5,0.0,0.0,16.11,17.6,15.0,53131.11,652.8,578.53,0.0,0.0,0.0,0.0,0.5,0.0,0.0,0.0,16.29,20.5,13.6,0.0,0.0,384.0,0.0
2020-05-21,171747.62,2058.82,1926.85,0.0,0.0,0.0,0.0,0.0,0.0,0.0,0.0,8.6,10.0,7.1,189636.25,2502.51,1975.77,0.78,0.0,0.0,0.0,0.0,0.0,0.0,0.0,10.18,11.4,9.2,240377.9,3034.93,2502.51,0.0,0.0,0.0,0.0,0.5,0.0,0.0,0.0,10.49,11.9,9.1,151092.0,2871.41,1560.06,0.39,0.0,0.0,0.0,0.0,0.0,0.0,0.0,12.04,13.7,11.0,0.0,0.0,48.00000000000001,0.0
2020-06-18,307932.17,3865.53,3304.1,0.39,0.0,0.0,0.0,2.5,2.5,3.5,2.5,9.96,11.2,9.0,361186.77,4561.91,3812.5,0.0,0.0,0.0,0.0,0.5,0.0,0.0,0.0,9.04,10.0,8.3,437722.45,5706.54,4503.91,0.0,0.0,0.0,0.0,0.0,0.0,0.0,0.0,8.17,9.9,6.8,588123.08,8386.53,5673.81,0.0,0.0,0.0,0.0,0.0,0.0,0.0,0.0,6.78,7.8,5.6,0.0,0.0,24.999999999999996,0.0
2020-07-23,795842.72,10317.95,7583.14,3.15,4.13,1.48,1.5,3.0,1.5,0.0,0.0,8.5,9.3,7.8,670441.04,8211.3,7429.27,10.48,12.4,18.3,12.5,2.0,3.5,1.5,1.5,8.61,8.8,8.2,820474.62,11805.6,8084.05,0.0,0.0,0.0,0.0,5.0,5.5,5.5,5.0,7.85,8.9,6.6,1600271.35,26593.03,11684.39,0.0,0.0,0.0,0.0,0.0,0.0,0.0,0.0,8.65,9.4,7.8,0.0,1.0,34.00000000000001,0.0
2020-08-20,244237.2,2937.34,2744.23,0.9,2.18,3.54,5.14,2.0,0.5,0.5,0.5,8.4,9.1,7.5,252524.32,3025.84,2829.03,0.0,0.0,0.0,0.0,0.5,1.5,2.5,2.0,7.6,9.7,5.4,269049.15,3230.98,2981.39,0.0,0.0,0.0,0.0,0.0,0.0,0.0,0.0,7.03,9.4,4.8,287365.93,3493.02,3184.68,0.0,0.0,0.0,0.0,0.0,0.0,0.0,0.0,6.78,8.9,4.8,0.0,0.0,79.99999999999997,0.0
2020-09-17,972519.64,15137.09,8211.3,3.14,0.0,0.0,0.0,0.5,0.0,0.0,0.0,10.2,11.4,8.8,587051.83,8565.44,6243.96,9.44,7.09,3.04,6.17,1.5,0.0,0.0,0.0,11.61,13.5,10.4,555110.5,7246.3,5544.35,5.39,0.55,0.51,0.0,3.0,2.5,1.5,2.5,11.14,13.2,9.5,504825.68,6215.36,5489.75,0.45,0.55,1.01,0.51,1.5,0.5,0.5,0.0,10.15,11.6,9.0,0.0,0.0,48.00000000000001,0.0
2020-10-15,701980.77,12714.13,6358.83,14.83,0.54,0.0,0.0,1.5,0.0,0.0,0.0,12.87,14.1,11.8,665904.15,14186.4,4954.93,20.22,13.9,8.74,14.86,5.0,0.5,0.0,0.0,14.16,16.6,12.5,402115.14,5007.5,4465.64,7.19,14.97,17.02,14.86,8.5,3.5,2.5,4.5,13.06,13.8,12.3,413359.08,4981.19,4567.13,0.0,0.0,0.0,0.0,1.5,1.5,4.5,3.0,13.74,16.1,11.5,0.0,0.0,129.99999999999997,0.0
2020-11-01,713029.19,10204.91,7185.71,1.85,5.35,8.74,10.07,2.0,0.0,0.0,0.0,15.65,17.3,14.2,1304621.6,22506.8,9980.75,0.46,0.0,0.0,1.92,0.0,4.5,5.5,3.5,14.45,16.2,12.4,710790.0,11684.39,7552.26,19.86,5.35,1.38,1.44,0.5,0.0,0.0,2.0,14.62,15.7,13.8,660016.04,9074.54,4746.68,11.09,7.49,5.98,3.84,2.5,1.5,0.5,0.5,13.88,15.1,12.5,0.0,0.0,245.99999999999991,0.0
2020-11-09,496168.84,6272.6,5462.53,5.54,1.55,1.01,1.92,4.5,2.0,2.0,3.5,16.61,18.1,14.4,574106.22,7645.04,5033.86,0.46,2.06,0.0,1.44,3.5,0.5,0.5,1.0,16.93,18.6,15.4,401675.26,5033.86,4339.92,16.16,3.09,2.03,2.4,0.5,1.5,0.0,1.0,16.38,17.5,15.5,378601.01,4516.28,4215.47,5.54,6.18,6.58,5.75,3.5,1.0,1.0,1.0,17.52,18.8,16.4,0.0,0.0,399.0000000000001,0.0
2020-11-12,2146882.96,29869.78,20417.8,6.01,0.0,0.0,0.0,0.0,0.0,0.0,0.0,11.93,12.6,11.1,3325911.45,66371.34,21230.06,8.31,4.12,2.53,5.27,1.5,0.0,0.0,0.0,11.28,13.1,9.4,741792.11,23879.45,5599.15,29.56,15.97,9.11,20.13,2.5,1.5,1.5,3.0,12.78,14.4,11.5,496168.84,6272.6,5462.53,5.54,1.55,1.01,1.92,4.5,2.0,2.0,3.5,16.61,18.1,14.4,0.0,1.0,380.00000000000006,0.0
2020-11-15,660460.98,8761.2,6649.58,0.0,0.0,0.0,0.0,0.0,0.0,0.0,0.0,15.14,16.9,13.8,843405.28,11523.79,8275.23,0.0,0.0,0.0,0.0,0.0,0.0,0.0,0.0,14.9,15.7,14.0,1318926.84,21504.39,10815.25,0.0,0.0,0.0,0.0,0.0,0.0,0.0,0.0,13.73,16.7,11.1,2146882.96,29869.78,20417.8,6.01,0.0,0.0,0.0,0.0,0.0,0.0,0.0,11.93,12.6,11.1,0.0,2.0,83.99999999999999,0.0
2020-11-23,337063.46,4043.38,3777.96,1.85,1.55,5.06,1.05,0.0,0.0,0.0,0.5,15.75,17.6,14.1,364426.58,4592.62,3897.84,0.92,0.0,0.0,0.0,1.0,1.5,2.0,0.5,15.69,18.1,13.9,423826.42,5626.63,4166.05,0.0,0.0,0.0,0.0,0.0,0.0,0.0,0.0,14.81,17.8,11.8,564845.0,7645.04,5435.36,0.0,0.0,0.0,0.0,0.0,0.0,0.0,0.0,14.41,15.9,13.0,0.0,0.0,41.00000000000001,0.0
2020-11-29,628370.82,7957.6,6474.52,2.77,1.55,2.03,0.52,4.0,2.0,2.0,2.5,16.09,18.4,13.7,666402.52,8761.2,7005.18,10.16,6.18,1.52,3.66,4.5,1.5,1.5,0.5,17.0,19.3,15.3,729370.17,14186.4,6708.34,7.85,11.33,17.71,7.31,2.0,3.0,0.5,1.0,15.68,17.3,13.5,578306.59,15929.83,3115.99,21.7,39.65,44.54,40.74,2.5,3.5,6.0,2.0,14.91,16.1,14.0,0.0,0.0,242.99999999999994,0.0
2020-12-07,484976.55,6016.63,5193.09,2.31,0.0,0.0,0.0,0.5,0.0,0.0,0.0,16.91,19.9,14.0,465071.65,5737.05,5139.81,8.31,2.06,1.52,0.52,2.0,0.0,0.0,0.0,16.38,19.1,14.3,536159.97,7185.71,5599.15,0.0,0.0,0.0,0.0,6.5,1.0,1.0,0.5,16.18,18.5,14.3,608161.46,7738.28,6561.82,2.77,1.03,1.01,2.09,0.0,0.0,0.0,0.0,16.56,19.5,14.1,0.0,0.0,98.00000000000004,0.0
2020-12-10,1069764.26,14862.24,8339.37,14.32,22.67,35.94,24.03,3.0,5.0,6.0,5.5,17.91,19.3,16.5,521011.43,8933.7,4516.28,6.93,26.27,24.3,25.07,6.0,3.5,6.0,5.0,17.9,19.1,16.9,439637.65,5737.05,4643.77,0.92,0.0,0.0,0.0,2.0,11.5,11.5,9.0,17.4,19.3,15.4,484976.55,6016.63,5193.09,2.31,0.0,0.0,0.0,0.5,0.0,0.0,0.0,16.91,19.9,14.0,1.0,0.0,5200.000000000001,1.0
2020-12-13,781426.08,10660.94,7738.28,3.69,0.52,0.0,0.52,0.0,0.0,0.0,0.0,15.67,18.5,13.3,1236633.03,19938.19,10280.2,0.46,0.0,0.0,0.0,2.0,0.5,0.0,0.5,15.85,17.3,14.2,1641541.19,29237.48,11443.92,10.62,11.85,6.08,10.45,0.5,0.0,0.0,0.0,17.9,18.8,16.9,1069764.26,14862.24,8339.37,14.32,22.67,35.94,24.03,3.0,5.0,6.0,5.5,17.91,19.3,16.5,1.0,1.0,144.0,0.0
2020-12-21,278433.13,3420.32,3003.56,0.0,0.0,0.0,0.0,0.0,0.0,0.0,0.0,19.63,22.0,17.1,302931.52,3706.64,3301.21,0.0,0.0,0.0,0.0,0.0,0.0,0.0,0.0,19.86,22.5,17.7,324482.19,3994.66,3517.46,0.0,0.0,0.0,0.0,0.0,0.0,0.0,0.0,20.36,23.2,17.7,355731.35,4364.96,3849.74,0.0,0.0,0.0,0.0,0.0,0.0,0.0,0.0,20.22,23.5,17.5,0.0,0.0,97.0,0.0
2020-12-27,492031.03,7337.55,4618.17,0.0,0.0,0.0,0.0,1.5,1.0,1.5,0.0,18.47,21.6,16.1,1001583.99,17926.86,7246.3,0.45,0.0,0.0,0.52,0.0,0.0,0.0,0.0,17.74,20.3,15.3,450700.7,15275.48,3048.22,30.92,15.45,13.66,16.2,0.5,0.0,0.0,0.5,18.84,20.7,17.7,238274.95,3070.71,2620.12,10.46,10.3,10.63,10.45,7.0,3.5,3.0,4.0,19.76,20.5,18.8,0.0,0.0,156.0,0.0
2021-01-04,294952.7,12967.93,2460.52,26.36,50.48,16.2,37.09,2.5,0.5,0.0,0.5,20.7,22.7,19.0,225604.41,2915.47,2480.0,0.0,3.61,10.12,5.22,12.0,8.5,4.0,7.5,21.08,24.3,18.1,236673.57,2893.71,2579.57,0.0,0.0,0.0,0.0,0.0,3.5,6.0,4.0,20.73,25.0,16.8,255394.07,3184.68,2744.23,0.0,0.0,0.0,0.0,0.0,0.0,0.0,0.0,19.5,23.7,15.3,1.0,0.0,24200.00000000002,1.0
2021-01-10,270446.48,3372.37,2807.68,0.0,0.0,0.0,0.0,0.0,0.0,0.0,0.0,21.12,24.6,18.2,237751.95,3093.3,2499.71,6.82,0.0,0.51,0.0,0.0,0.0,0.0,0.0,20.5,23.8,17.9,231263.1,2850.49,2539.43,2.73,1.03,1.01,0.52,3.5,0.0,0.5,0.0,19.85,21.4,18.9,265127.07,3396.29,2765.28,0.0,0.0,0.0,0.0,2.0,0.5,0.5,0.5,21.85,25.5,19.0,2.0,0.0,41.00000000000001,0.0
2021-01-18,141885.03,1747.54,1556.36,9.55,4.12,1.52,2.09,2.5,1.5,0.5,1.0,22.36,25.1,19.9,146511.26,1762.95,1598.99,0.0,0.0,0.0,0.0,3.0,4.0,1.0,2.0,22.59,25.4,20.3,156055.31,1906.04,1672.02,0.0,0.0,0.0,0.0,0.0,0.0,0.0,0.0,23.44,28.2,19.4,167598.0,2039.99,1809.75,0.0,0.0,0.0,0.0,0.0,0.0,0.0,0.0,22.48,27.1,18.9,0.0,0.0,374.0000000000001,0.0
2021-01-21,238609.45,4240.26,2198.28,14.55,1.03,5.57,0.45,0.5,0.5,0.5,0.5,17.83,20.1,16.1,220267.86,2765.28,2252.84,4.55,2.58,3.54,3.12,4.5,1.0,2.5,0.5,18.81,21.4,16.6,202658.41,2915.47,1627.9,6.82,5.67,2.02,2.09,3.5,1.5,1.5,1.5,19.86,22.3,18.0,141885.03,1747.54,1556.36,9.55,4.12,1.52,2.09,2.5,1.5,0.5,1.0,22.36,25.1,19.9,0.0,0.0,1699.9999999999993,1.0
2021-01-24,305367.12,4019.0,3048.22,0.91,0.0,0.0,0.0,2.5,0.5,0.5,0.0,17.62,19.7,16.1,333651.25,4618.17,3444.45,1.82,0.0,0.0,0.0,0.5,0.0,0.0,0.0,17.75,21.2,15.1,474056.62,7368.07,3970.38,0.91,1.03,1.01,0.45,1.0,0.0,0.0,0.0,16.08,18.3,13.8,238609.45,4240.26,2198.28,14.55,1.03,5.57,0.45,0.5,0.5,0.5,0.5,17.83,20.1,16.1,0.0,0.0,62.99999999999999,0.0
2021-02-02,125169.04,1528.44,1331.69,0.0,0.0,0.0,0.0,0.0,0.0,0.0,0.0,20.72,25.8,16.3,136218.66,1657.22,1460.37,0.0,0.0,0.0,0.0,0.0,0.0,0.0,0.0,18.7,24.1,13.7,144231.52,1747.54,1570.47,0.0,0.0,0.0,0.0,0.0,0.0,0.0,0.0,17.18,19.5,14.5,152885.41,1841.45,1672.02,0.0,0.0,0.51,0.0,0.0,0.0,0.0,0.0,18.95,21.9,16.6,0.0,0.0,98.00000000000004,0.0
2021-02-07,101950.06,1228.13,1092.92,0.0,0.0,0.0,0.0,0.0,0.0,0.0,0.0,19.21,23.9,15.7,104372.04,1260.86,1153.99,0.0,0.0,0.0,0.0,0.0,0.0,0.0,0.0,17.49,19.1,15.8,107194.06,1295.02,1153.99,0.0,0.0,0.0,0.0,0.0,0.0,0.0,0.0,20.15,24.3,17.4,110993.0,1344.11,1143.65,0.0,0.0,0.0,0.0,0.0,0.0,0.0,0.0,21.09,26.3,16.6,0.0,0.0,9.000000000000002,0.0
2021-02-15,90058.47,1082.96,996.22,0.0,0.0,0.0,0.0,0.5,1.0,3.5,2.5,20.65,24.5,18.0,91519.33,1113.02,1005.6,0.0,0.0,0.0,0.0,0.0,0.0,0.0,0.0,20.46,24.8,16.8,97720.69,1195.98,1034.14,0.0,0.0,0.0,0.0,0.0,0.0,0.0,0.0,19.94,24.2,17.1,103280.51,1260.86,1113.02,0.0,0.0,0.0,0.0,0.0,0.0,0.0,0.0,19.41,23.8,16.0,0.0,0.0,230.99999999999994,0.0
2021-02-18,384078.55,6416.58,1185.39,0.0,0.0,0.0,0.0,0.0,0.0,0.0,0.0,16.13,18.9,13.8,103683.76,1249.89,1133.38,3.64,3.61,12.15,7.12,0.0,0.0,0.0,0.0,17.52,19.1,15.1,94787.94,1206.63,986.9,1.36,3.61,6.08,6.23,1.0,2.0,5.0,3.0,19.38,21.0,18.0,90058.47,1082.96,996.22,0.0,0.0,0.0,0.0,0.5,1.0,3.5,2.5,20.65,24.5,18.0,0.0,0.0,209.99999999999994,0.0
2021-02-21,119901.79,1528.44,1228.13,0.0,0.0,0.0,0.0,0.0,0.0,0.0,0.0,19.7,24.6,15.3,152277.49,2126.94,1460.37,0.0,0.0,0.0,0.0,0.0,0.0,0.0,0.0,18.87,23.6,14.7,241593.84,3825.76,2039.99,0.0,0.0,0.0,0.0,0.0,0.0,0.0,0.0,17.46,21.9,13.3,384078.55,6416.58,1185.39,0.0,0.0,0.0,0.0,0.0,0.0,0.0,0.0,16.13,18.9,13.8,0.0,0.0,288.00000000000006,0.0
2021-02-28,79415.06,968.45,880.01,0.0,0.0,0.0,0.0,0.0,0.0,0.0,0.0,20.81,24.7,17.6,81079.97,986.9,888.57,0.0,0.0,0.0,0.0,0.0,0.0,0.0,0.0,21.33,26.1,18.0,80382.37,977.64,888.57,0.0,0.0,0.0,0.0,0.0,0.0,0.0,0.0,20.72,23.7,18.2,82599.8,1015.05,897.19,0.0,0.0,0.0,0.0,0.0,0.0,0.0,0.0,21.27,26.0,17.3,0.0,0.0,161.00000000000003,0.0
2021-03-07,103920.3,1331.69,1063.24,15.0,10.91,12.65,9.8,3.0,1.0,0.5,0.5,18.36,20.9,16.4,114501.39,1447.06,1206.63,0.0,0.0,0.0,0.0,4.5,6.0,9.5,6.5,19.44,23.1,16.7,102605.7,1460.37,863.09,10.46,24.4,12.15,18.7,0.0,0.0,0.0,0.0,20.22,22.3,18.6,79235.48,977.64,863.09,0.0,0.0,0.0,0.89,5.5,7.0,7.0,5.0,21.24,23.9,19.3,0.0,0.0,258.9999999999999,0.0
2021-03-15,189711.49,2599.79,1841.45,0.0,0.0,0.0,0.0,0.0,0.0,0.0,0.0,17.2,20.9,13.8,292668.65,4618.17,2539.43,0.0,0.0,0.0,0.0,0.0,0.0,0.0,0.0,15.85,19.2,12.6,691283.17,12338.27,4567.13,0.0,0.0,0.0,0.45,0.0,0.0,0.0,0.0,15.01,17.0,13.1,327685.93,11805.6,1598.99,24.54,24.41,25.81,23.15,0.0,0.0,0.0,0.5,16.9,17.9,15.5,0.0,0.0,197.0,0.0
2021-03-18,135455.61,1825.55,1420.72,0.0,0.0,0.0,0.0,0.0,0.0,0.0,0.0,17.09,20.5,13.8,134699.05,1732.24,1460.37,5.46,2.6,1.52,3.12,0.0,0.0,0.0,0.0,18.32,19.8,16.9,150404.61,1906.04,1542.35,0.0,0.0,0.0,0.0,3.0,2.0,1.5,3.0,17.84,20.5,15.2,189711.49,2599.79,1841.45,0.0,0.0,0.0,0.0,0.0,0.0,0.0,0.0,17.2,20.9,13.8,0.0,0.0,149.99999999999997,0.0
2021-03-29,80259.26,968.45,888.57,0.0,0.0,0.0,0.0,4.0,6.0,5.5,6.5,18.35,21.7,15.9,83579.72,1005.6,905.87,0.0,0.0,0.0,0.0,0.0,0.0,0.0,0.0,17.61,21.4,14.7,84952.52,1024.56,932.31,0.0,0.0,0.0,0.0,0.0,0.0,0.0,0.0,17.14,20.6,14.4,85634.9,1034.14,941.25,0.0,0.0,0.0,0.0,0.0,0.0,0.0,0.0,17.19,20.9,14.9,0.0,0.0,413.99999999999994,0.0
2021-04-06,139860.01,1809.75,1447.06,0.0,0.0,0.0,0.0,0.0,0.0,0.0,0.0,16.16,18.3,14.4,183295.77,2499.71,1747.54,0.0,0.0,0.0,0.0,0.0,0.0,0.0,0.0,15.14,17.3,13.4,177532.69,2519.52,1825.55,0.0,0.0,0.54,0.0,0.0,0.0,0.0,0.0,15.26,17.8,12.8,220507.55,3138.78,2144.63,6.53,3.12,1.62,1.34,0.5,0.0,0.5,0.0,14.55,16.1,12.6,1.0,0.0,144.0,0.0
2021-04-12,127815.17,1642.51,1283.0,0.0,0.0,0.0,0.45,0.0,0.0,0.0,0.0,17.79,20.1,16.0,102498.54,1331.69,1024.56,13.05,8.83,9.7,8.91,0.0,0.0,0.0,0.5,16.82,17.7,15.9,93653.76,1123.17,1024.56,0.0,0.0,0.0,0.0,4.5,2.0,1.5,2.0,16.97,19.4,14.7,98289.7,1195.98,1073.07,0.0,0.0,0.0,0.0,0.0,0.0,0.0,0.0,16.33,18.8,14.3,0.0,0.0,146.0,0.0
2021-04-18,186481.1,2402.69,1955.52,11.19,9.87,3.23,12.47,0.5,0.0,0.0,0.0,14.76,16.0,13.2,114779.89,1989.01,1217.35,0.0,0.52,5.39,0.89,3.5,5.0,3.5,5.5,15.62,18.0,14.0,101352.13,1283.0,1082.96,9.32,8.31,9.16,4.9,0.5,0.0,1.0,1.0,14.62,16.2,13.0,95091.71,1143.65,1063.24,0.93,0.52,0.0,0.0,4.5,3.5,3.0,3.0,15.75,17.9,14.3,0.0,0.0,601.9999999999999,1.0
2021-04-22,139470.01,1732.24,1487.3,3.26,1.04,1.62,0.89,0.0,0.0,0.0,0.0,15.15,16.4,14.0,155683.97,1955.52,1657.22,0.0,0.0,0.0,0.0,2.5,1.0,0.5,0.5,14.56,15.7,13.2,188267.09,2559.45,1906.04,0.47,0.0,0.0,0.0,0.0,0.0,0.0,0.0,14.28,16.4,12.5,258990.05,3706.64,2022.9,1.4,0.0,0.0,0.0,0.5,0.0,0.0,0.0,13.05,14.1,11.8,0.0,0.0,119.99999999999997,0.0
2021-04-27,184526.49,2441.15,1627.9,2.8,2.6,3.23,2.67,6.0,3.5,4.5,3.0,13.58,15.0,12.5,134185.89,1701.93,1447.06,5.13,4.16,9.16,3.12,1.0,2.0,1.5,1.0,14.16,15.5,12.9,135950.09,1717.04,1460.37,1.87,0.52,0.0,0.89,2.0,2.5,5.5,3.5,15.04,16.9,14.0,163760.4,2234.55,1598.99,0.0,0.0,0.0,0.0,0.5,0.5,0.0,1.0,14.91,16.5,13.4,0.0,0.0,217.99999999999997,0.0
2021-05-13,523724.43,16357.89,1922.43,22.84,4.67,7.01,10.68,0.0,0.0,0.0,0.0,14.26,15.6,11.8,139724.96,1955.52,1487.3,0.47,3.64,7.01,5.09,8.5,1.5,2.5,4.5,15.9,17.1,14.7,118603.7,1556.36,1283.0,1.86,2.08,0.54,1.53,0.5,2.0,3.5,1.5,16.04,17.3,15.0,118904.04,1460.37,1307.15,0.93,0.0,1.62,0.0,1.5,1.0,0.5,0.5,14.34,16.3,12.7,0.0,0.0,1200.0,1.0
2021-06-17,204022.06,2640.55,2234.55,2.29,4.34,0.51,1.02,3.0,1.0,3.5,2.0,11.9,12.7,11.2,202379.18,2765.28,1873.54,4.13,2.71,8.16,4.58,2.0,2.5,0.5,0.5,12.43,12.9,11.9,158804.81,1938.93,1762.95,10.72,7.06,9.17,7.12,2.5,1.0,3.5,1.0,11.99,12.7,11.3,162036.97,1955.52,1794.05,0.0,0.0,0.0,0.0,4.5,3.0,3.0,2.0,11.25,12.0,10.3,0.0,0.0,79.99999999999997,0.0
2021-07-22,1052774.44,14916.54,10327.93,0.0,0.0,0.51,0.0,1.0,1.5,1.0,1.0,7.89,8.6,6.8,1697299.37,26138.48,14626.23,0.28,0.0,0.0,0.0,0.0,0.0,0.5,0.0,8.25,8.9,7.5,1667922.82,24338.63,11707.29,16.27,8.69,10.2,4.13,0.5,0.0,0.0,0.5,8.65,9.2,8.2,1222527.87,21973.31,11416.62,6.28,13.03,4.59,5.68,7.0,2.5,2.5,1.0,9.23,9.6,8.8,1.0,2.0,12.0,0.0
2021-08-12,691997.72,8205.74,7772.85,0.29,0.0,0.0,0.0,0.5,0.0,0.0,0.0,8.08,9.6,6.7,818191.91,11201.23,8176.57,1.43,0.0,0.0,0.0,0.5,0.0,0.0,0.0,6.64,8.3,5.2,1054002.2,15209.91,7489.87,6.85,2.71,1.53,5.68,1.5,0.0,0.0,0.0,6.9,8.2,5.8,511806.2,7489.87,5241.51,11.42,22.26,15.3,14.97,4.0,2.0,1.0,1.0,8.57,9.0,7.9,0.0,0.0,30.000000000000004,0.0
2021-09-16,1684417.82,26033.67,15308.41,0.86,3.26,2.55,2.63,6.0,4.0,2.5,2.5,8.37,9.2,7.3,3205964.89,79433.52,14708.87,11.99,20.63,18.86,18.94,0.5,1.0,1.0,0.5,10.06,10.7,9.2,789718.52,15677.08,7744.35,9.99,42.9,49.45,38.41,5.5,4.5,5.0,5.0,10.64,11.9,9.5,804073.55,10952.78,8060.32,0.29,0.0,0.0,0.0,4.5,9.0,8.5,7.0,9.93,11.7,8.3,0.0,1.0,4.0,0.0
2021-10-14,2033036.48,32541.31,17496.63,15.71,5.27,1.02,1.05,0.5,0.0,0.0,0.5,9.24,10.5,8.3,1069569.81,28378.83,6874.13,28.96,17.9,23.36,19.47,2.0,1.5,0.5,0.5,12.31,13.9,10.5,682124.56,9223.21,6426.65,0.0,0.0,0.0,0.53,4.0,5.0,9.0,8.5,12.7,14.0,11.4,584131.29,7227.02,6325.19,1.96,0.53,2.03,0.0,0.0,0.0,0.0,0.5,13.78,15.9,12.1,0.0,0.0,369.9999999999999,0.0
2021-11-03,371511.46,4764.14,3829.46,0.49,0.0,0.0,0.0,1.5,0.5,0.0,0.5,16.64,20.1,13.8,399858.42,4976.06,4322.46,2.46,0.53,1.02,0.53,0.5,0.0,0.0,0.0,15.68,18.4,13.6,459611.82,6124.32,4794.19,1.47,2.11,1.52,1.58,1.0,0.5,0.5,0.5,16.72,19.2,15.1,555133.02,7370.29,5379.44,2.45,0.0,0.0,0.53,0.5,1.5,1.0,1.0,15.89,18.1,13.9,0.0,0.0,108.99999999999997,0.0
2021-11-10,574521.97,7770.49,5730.71,0.0,0.0,0.0,0.0,0.0,0.0,0.0,0.0,16.86,20.4,13.6,830025.44,12551.82,7587.45,0.0,3.16,0.0,0.0,0.0,0.0,0.0,0.0,15.63,18.6,12.8,1249258.92,19362.27,11904.57,0.0,0.0,0.0,0.0,0.0,3.0,0.0,0.0,14.94,17.4,12.9,1460241.53,20897.74,12645.65,0.98,0.0,0.0,0.53,0.0,0.0,0.0,0.0,12.91,14.8,11.2,0.0,1.0,10.000000000000002,0.0
2021-11-11,458712.74,5860.71,4764.14,0.0,0.0,0.0,0.0,0.0,0.0,0.0,0.0,18.45,22.0,15.3,574521.97,7770.49,5730.71,0.0,0.0,0.0,0.0,0.0,0.0,0.0,0.0,16.86,20.4,13.6,830025.44,12551.82,7587.45,0.0,3.16,0.0,0.0,0.0,0.0,0.0,0.0,15.63,18.6,12.8,1249258.92,19362.27,11904.57,0.0,0.0,0.0,0.0,0.0,3.0,0.0,0.0,14.94,17.4,12.9,0.0,1.0,209.99999999999994,0.0
2021-11-17,647438.59,11542.23,5763.09,3.44,15.27,10.16,14.73,7.5,4.0,4.5,4.5,15.53,16.5,14.7,895939.35,20777.58,4526.46,5.4,6.85,10.67,8.94,1.0,6.0,2.5,4.5,17.11,18.4,16.0,410159.55,5537.98,4179.0,8.84,6.32,15.75,9.47,5.5,3.0,5.5,3.5,18.6,20.2,17.4,324289.27,4207.54,3503.19,6.87,5.27,7.11,6.84,6.0,3.0,8.0,7.5,18.96,20.6,17.4,0.0,0.0,4880.000000000003,1.0
2021-11-24,621228.72,10703.62,5347.96,0.0,0.0,0.0,0.0,0.0,0.0,0.0,0.0,17.85,21.3,14.8,565222.19,12226.1,4915.14,10.31,6.32,12.7,6.17,0.0,0.0,0.0,0.0,17.93,19.8,16.3,476565.56,6091.1,4945.56,0.0,0.0,0.0,0.0,3.0,1.5,5.5,1.5,17.56,19.6,15.4,598303.84,8104.72,5828.09,0.0,0.0,0.0,0.0,0.0,0.0,0.0,0.0,17.91,21.1,15.0,0.0,1.0,62.99999999999999,0.0
2021-12-01,360899.92,12929.2,2686.27,41.22,15.27,15.24,16.44,2.0,0.5,1.0,2.5,18.85,19.9,17.8,248559.49,3048.45,2705.59,0.98,1.05,1.02,0.0,9.5,3.5,3.5,2.5,19.44,22.7,16.2,254170.82,3069.47,2823.47,2.95,0.0,0.0,0.0,0.0,0.0,0.0,0.0,18.45,19.4,17.5,274209.63,3425.26,2985.96,0.0,0.0,0.0,0.0,2.0,0.0,0.0,0.0,19.39,22.9,16.3,0.0,0.0,5249.999999999995,1.0
2021-12-08,645489.25,10617.14,4526.46,5.4,9.48,16.26,11.82,4.0,1.5,3.0,3.5,18.37,19.2,17.6,389879.53,4734.17,4322.46,18.16,11.59,8.63,10.8,2.0,1.5,4.0,1.5,18.88,20.0,18.2,442843.49,5893.39,4497.09,0.0,0.0,0.0,0.0,7.0,2.0,3.0,2.0,19.25,21.5,17.0,569203.27,8752.7,4945.56,0.49,6.85,0.51,1.03,0.0,0.0,0.0,0.0,18.63,19.7,17.7,0.0,1.0,556.0,1.0
2021-12-09,561727.11,7227.02,5730.71,6.38,4.74,8.13,6.17,0.0,0.0,0.5,0.0,18.54,20.0,17.5,645489.25,10617.14,4526.46,5.4,9.48,16.26,11.82,4.0,1.5,3.0,3.5,18.37,19.2,17.6,389879.53,4734.17,4322.46,18.16,11.59,8.63,10.8,2.0,1.5,4.0,1.5,18.88,20.0,18.2,442843.49,5893.39,4497.09,0.0,0.0,0.0,0.0,7.0,2.0,3.0,2.0,19.25,21.5,17.0,0.0,1.0,782.3999999999996,1.0
2021-12-15,3200597.55,64953.84,14745.77,17.18,16.32,20.32,12.34,5.0,19.0,35.5,16.0,17.64,19.9,16.6,1266946.84,17441.54,11318.55,40.74,29.48,40.13,39.57,2.5,2.5,3.5,2.5,18.45,21.4,15.9,726452.8,16895.44,4824.31,31.42,31.06,36.06,27.75,17.0,12.5,14.0,22.5,18.8,21.3,17.1,472546.14,6091.1,4915.14,0.0,0.0,0.0,0.0,5.5,8.0,9.0,4.5,21.2,23.8,18.7,1.0,0.0,3650.0000000000005,1.0
2021-12-22,746523.07,9583.22,7770.49,0.0,0.53,0.0,0.0,0.0,0.0,0.0,0.0,18.15,20.4,16.5,930915.59,12272.38,9382.46,0.0,0.0,0.0,0.0,0.0,0.5,0.0,0.0,17.79,20.2,15.7,1231783.69,16679.38,11858.98,0.0,0.0,0.0,0.0,0.0,0.0,0.0,0.0,17.15,20.0,14.8,1846069.47,28701.39,16251.39,0.0,0.0,0.0,0.0,0.0,0.0,0.0,0.0,16.29,18.1,14.4,2.0,5.0,312.9999999999999,0.0
2021-12-29,362969.18,8368.89,3451.08,21.59,24.77,16.76,19.02,2.0,1.0,7.5,2.5,19.85,20.8,18.8,327490.2,4030.53,3555.96,0.0,0.0,0.0,0.0,7.5,6.5,4.0,3.5,20.96,23.7,18.4,361467.65,4467.8,3914.66,0.0,0.0,0.0,0.0,0.0,0.0,0.0,0.0,21.49,25.3,18.3,404860.83,5068.02,4322.46,0.0,0.0,0.0,0.0,0.0,0.0,0.0,0.0,20.7,24.0,17.4,0.0,0.0,6490.000000000004,1.0
2022-01-05,249438.75,3006.7,2725.0,0.0,0.0,0.0,0.0,0.0,0.0,0.0,0.0,23.53,28.1,19.3,269159.62,3323.62,2924.32,0.0,0.0,0.0,0.0,0.0,0.0,0.0,0.0,22.94,27.0,19.2,296480.45,3663.42,3224.56,0.0,0.0,0.0,0.0,0.0,0.0,0.0,0.0,22.48,27.0,18.3,338099.84,4322.46,3529.49,0.0,0.0,0.0,0.0,0.0,0.0,0.0,0.0,21.32,25.5,17.4,0.0,0.0,74.99999999999997,0.0
2022-01-12,174179.07,2085.85,1930.09,0.49,0.0,0.0,0.0,0.0,0.0,0.0,0.0,21.17,24.5,18.7,176257.06,2085.85,1960.48,0.0,0.0,0.0,0.0,0.5,0.0,0.0,0.0,20.65,22.2,19.4,183096.95,2200.52,2006.79,0.0,0.0,0.0,0.0,0.0,0.0,0.0,0.0,21.17,25.1,17.8,194478.2,2372.38,2134.43,0.0,0.0,0.0,0.0,0.0,0.0,0.0,0.0,20.6,25.3,16.2,0.0,0.0,72.0,0.0
2022-01-19,124966.32,1508.43,1368.85,0.0,0.0,0.0,0.0,0.0,0.0,0.0,0.0,22.11,27.1,17.8,130298.66,1570.42,1425.43,0.0,0.0,0.0,0.0,0.0,0.0,0.0,0.0,21.61,26.7,17.0,135317.38,1621.62,1484.27,0.0,0.0,0.0,0.0,0.0,0.0,0.0,0.0,20.98,26.1,16.6,142133.58,1714.7,1545.35,0.0,0.0,0.0,0.0,0.0,0.0,0.0,0.0,20.59,25.5,16.3,0.0,0.0,108.99999999999997,0.0
2022-01-26,120417.77,1437.02,1346.85,0.98,1.05,0.51,0.51,7.0,0.0,1.5,0.5,21.1,22.8,19.4,108720.69,1413.94,1211.17,0.49,8.43,1.02,2.06,0.5,0.5,0.5,1.5,21.64,23.4,20.2,110026.68,1325.2,1211.17,0.0,0.0,0.0,0.0,0.5,4.0,0.5,0.5,22.68,27.0,19.0,119347.43,1484.27,1273.89,0.0,0.0,0.0,0.0,0.0,0.0,0.0,0.0,21.81,27.1,17.3,0.0,0.0,158.00000000000003,0.0
2022-01-28,146314.76,1975.82,1325.2,0.98,0.0,3.05,2.57,0.0,0.0,0.0,0.0,20.82,24.1,18.4,121090.49,1448.7,1325.2,11.29,0.0,3.56,0.51,0.5,0.0,1.5,1.5,22.47,26.2,19.9,120417.77,1437.02,1346.85,0.98,1.05,0.51,0.51,7.0,0.0,1.5,0.5,21.1,22.8,19.4,108720.69,1413.94,1211.17,0.49,8.43,1.02,2.06,0.5,0.5,0.5,1.5,21.64,23.4,20.2,0.0,0.0,301.6,0.0
2022-02-02,92175.42,1107.87,1009.92,0.0,0.0,0.0,0.0,0.0,0.0,0.0,0.0,23.04,26.2,19.8,95210.66,1141.71,1041.98,0.0,0.0,0.0,0.0,0.0,0.0,0.0,0.0,22.97,28.3,18.4,101633.42,1228.9,1091.18,0.0,0.0,0.0,0.0,0.0,0.0,0.0,0.0,21.63,25.7,17.8,111758.99,1391.21,1193.58,0.0,0.0,0.0,0.0,0.0,0.0,0.0,0.0,21.33,26.7,16.9,0.0,0.0,211.00000000000003,0.0
2022-02-09,1027783.59,15776.43,7514.76,0.0,0.0,0.0,0.0,6.0,0.0,0.0,0.0,19.85,23.2,17.0,1968370.13,40986.05,15153.93,0.49,0.0,0.0,0.0,0.0,0.0,0.0,0.0,16.3,17.9,14.8,1009522.14,38785.34,1870.44,52.52,83.25,66.53,64.24,0.5,0.5,0.5,0.0,17.73,18.9,16.2,100331.93,1870.44,924.83,21.1,61.64,47.75,42.14,7.0,10.0,9.0,9.5,21.09,23.5,18.9,2.0,1.0,399.0000000000001,0.0
2022-02-16,588884.12,8675.33,5506.12,0.0,0.0,0.0,0.0,0.0,0.0,0.0,0.0,17.67,21.3,14.4,1034978.34,16949.66,8293.04,0.4,0.0,0.6,0.51,0.0,0.0,0.0,0.0,16.44,17.6,15.6,1115426.44,19246.55,8947.42,13.87,14.9,12.6,5.65,0.5,0.0,1.0,0.5,18.55,20.8,16.6,536411.77,9382.46,3374.12,12.29,30.34,35.4,35.98,3.5,3.5,2.5,3.0,21.07,21.9,20.7,1.0,0.0,278.99999999999994,0.0
2022-02-17,416170.78,5569.91,4148.98,0.0,0.0,0.0,0.0,0.0,0.0,0.0,0.0,18.64,21.4,16.5,588884.12,8675.33,5506.12,0.0,0.0,0.0,0.0,0.0,0.0,0.0,0.0,17.67,21.3,14.4,1034978.34,16949.66,8293.04,0.4,0.0,0.6,0.51,0.0,0.0,0.0,0.0,16.44,17.6,15.6,1115426.44,19246.55,8947.42,13.87,14.9,12.6,5.65,0.5,0.0,1.0,0.5,18.55,20.8,16.6,1.0,0.0,145.59999999999997,0.0
2022-02-23,206178.24,2572.36,2217.28,0.0,0.0,0.0,0.0,0.0,0.0,0.0,0.0,21.35,24.7,18.4,251364.85,3273.77,2535.15,0.0,0.0,0.0,0.0,0.0,0.0,0.0,0.0,20.78,24.9,17.0,239571.2,3027.53,2591.11,6.34,6.92,14.4,7.19,0.0,0.0,0.0,0.0,20.68,23.5,18.9,241241.93,2944.77,2609.95,0.4,0.0,0.0,0.0,4.0,3.5,11.0,3.5,21.41,24.6,19.0,1.0,0.0,129.99999999999997,0.0
2022-03-02,146629.58,1769.87,1608.69,0.0,0.0,0.31,0.0,0.0,0.0,0.0,0.0,18.89,23.1,15.2,156502.94,1900.07,1714.7,0.0,0.0,0.0,0.0,0.0,0.0,1.0,0.0,18.29,21.5,16.1,150183.95,1798.0,1660.98,0.0,0.0,0.0,1.03,0.0,0.0,0.0,0.0,19.37,22.6,17.0,155532.63,1870.44,1714.7,0.0,0.0,0.0,0.0,0.0,0.0,0.0,0.5,19.85,23.7,16.3,0.0,0.0,187.00000000000003,0.0
2022-03-09,114302.71,1368.85,1264.82,0.0,0.0,0.0,0.0,0.0,0.0,0.0,0.0,20.24,23.7,17.4,117360.14,1402.53,1293.42,0.0,0.0,0.0,0.0,0.0,0.0,0.0,0.0,20.2,24.1,17.2,122152.94,1472.32,1346.85,0.0,0.0,0.0,0.0,0.0,0.0,0.0,0.0,19.93,24.1,16.5,125360.38,1496.3,1391.21,0.0,0.0,0.0,0.0,0.0,0.0,0.0,0.0,19.46,23.2,16.2,0.0,0.0,521.0,0.0
2022-03-16,104832.61,1255.79,1133.2,0.0,0.0,0.0,0.0,0.0,0.0,0.0,0.0,17.65,20.9,15.3,101208.69,1220.02,1124.72,0.0,0.0,0.0,0.0,0.0,0.0,0.0,0.0,18.96,23.3,16.2,104595.23,1255.79,1150.26,0.0,0.0,0.0,0.0,0.0,0.0,0.0,0.0,19.02,22.7,16.4,104987.12,1246.79,1176.14,1.98,0.0,0.0,0.0,0.0,0.0,0.0,0.0,19.75,22.7,17.3,0.0,0.0,565.0000000000002,1.0
2022-03-17,111440.83,1595.84,1193.58,0.0,0.0,0.0,0.0,0.0,0.0,0.0,0.0,17.35,19.9,15.6,104832.61,1255.79,1133.2,0.0,0.0,0.0,0.0,0.0,0.0,0.0,0.0,17.65,20.9,15.3,101208.69,1220.02,1124.72,0.0,0.0,0.0,0.0,0.0,0.0,0.0,0.0,18.96,23.3,16.2,104595.23,1255.79,1150.26,0.0,0.0,0.0,0.0,0.0,0.0,0.0,0.0,19.02,22.7,16.4,0.0,0.0,1549.2000000000005,1.0
2022-03-23,966723.28,27355.67,1945.24,0.79,0.0,0.0,0.0,7.0,5.0,5.5,10.5,16.22,18.1,13.8,136292.33,1960.48,1357.8,15.06,29.81,26.5,22.61,0.5,0.0,0.0,0.0,16.17,17.0,15.5,134290.24,1687.66,1402.53,0.0,0.0,0.0,0.0,8.0,7.5,6.0,7.5,17.14,19.8,14.8,166140.7,2200.52,1634.65,0.0,0.0,0.0,0.0,0.0,0.0,0.0,0.0,16.5,20.1,13.0,0.0,0.0,480.0,0.0
2022-03-30,922505.86,14086.06,9485.47,1.58,0.0,0.0,0.0,0.0,0.0,0.0,0.0,15.54,17.5,14.0,1026488.06,14260.87,10251.14,0.0,0.0,0.0,1.12,1.0,0.0,0.0,0.0,14.65,16.2,13.8,1508825.05,23075.22,13955.66,0.4,0.0,0.0,0.0,0.0,0.0,0.0,0.5,14.36,16.0,13.2,2955986.91,60909.71,20686.97,1.19,0.0,0.0,0.0,0.5,0.0,0.0,0.0,13.94,15.3,13.0,3.0,3.0,275.0000000000001,0.0
2022-04-06,369297.22,4506.71,4048.43,0.0,0.0,0.0,0.0,2.0,2.0,2.0,2.5,17.45,19.2,15.4,403263.06,4963.41,4389.98,0.0,0.0,0.0,0.0,0.0,0.0,0.0,0.0,17.89,19.9,16.1,448408.05,5544.06,4841.21,0.0,0.0,0.0,0.0,0.0,0.0,0.0,0.0,17.24,19.5,15.0,504792.09,6324.08,5415.24,0.0,0.0,0.0,0.0,0.0,0.0,0.0,0.0,16.42,18.3,14.8,0.0,0.0,211.00000000000003,0.0
2022-04-13,274169.21,3281.56,3055.86,0.0,0.0,0.0,0.0,3.0,0.0,0.0,0.0,15.18,17.1,13.3,288609.12,3487.09,3200.96,0.0,0.0,0.0,0.0,0.0,0.0,0.0,0.0,14.97,16.6,13.8,308934.14,3762.89,3404.19,0.0,0.0,0.0,0.0,0.0,0.0,0.0,0.0,13.87,15.6,11.9,336499.79,4093.22,3676.99,0.0,0.0,0.0,0.0,0.0,0.0,0.0,0.0,14.38,16.6,12.5,0.0,0.0,85.99999999999997,0.0
2022-04-20,227408.19,2719.11,2535.99,0.0,0.0,0.42,0.0,0.0,0.0,0.0,0.0,15.07,17.1,13.0,236295.44,2834.31,2626.17,0.0,0.0,0.0,0.0,0.0,0.0,0.5,0.0,13.32,15.2,11.1,248743.81,3014.58,2738.03,0.0,0.0,0.0,0.0,0.0,0.0,0.0,0.0,14.38,16.5,12.9,268601.62,3281.56,2953.49,0.0,0.0,0.0,0.0,0.0,0.0,0.0,0.0,13.34,15.3,11.1,0.0,0.0,83.99999999999999,0.0
2022-04-28,343675.85,4601.13,3507.96,0.0,0.0,0.0,0.0,0.0,0.0,0.0,0.0,13.84,15.5,12.5,529606.14,9022.29,4577.44,0.4,0.0,0.0,0.0,0.0,0.0,0.0,0.0,12.89,14.6,11.0,504937.41,10664.06,2607.91,3.57,0.0,0.0,5.06,0.5,0.0,0.0,0.0,14.17,16.0,12.6,237884.16,2994.11,2571.73,7.93,0.0,0.0,0.0,3.0,0.0,0.0,3.5,13.6,15.6,11.8,0.0,0.0,98.00000000000004,0.0
2022-04-29,282811.98,3570.92,3014.58,0.0,0.0,0.0,0.0,0.0,0.0,0.0,0.0,12.32,14.0,10.6,343675.85,4601.13,3507.96,0.0,0.0,0.0,0.0,0.0,0.0,0.0,0.0,13.84,15.5,12.5,529606.14,9022.29,4577.44,0.4,0.0,0.0,0.0,0.0,0.0,0.0,0.0,12.89,14.6,11.0,504937.41,10664.06,2607.91,3.57,0.0,0.0,5.06,0.5,0.0,0.0,0.0,14.17,16.0,12.6,0.0,0.0,64.4,0.0
2022-05-12,540367.47,7478.67,4914.35,0.84,0.0,0.0,0.0,0.0,0.0,0.0,0.0,11.27,12.0,10.5,281661.45,7352.0,2089.67,11.7,24.92,9.18,14.06,1.0,0.0,0.0,0.0,13.04,14.0,11.8,177443.27,2203.0,1994.61,10.87,4.67,1.25,5.63,3.0,14.5,3.5,4.0,13.58,14.8,12.5,177738.38,2103.56,2007.95,0.0,0.0,0.0,0.0,9.0,4.5,1.5,3.0,13.67,14.9,12.5,1.0,0.0,43.99999999999999,0.0
2022-06-16,3302252.65,52779.24,27373.8,1.25,0.54,0.0,0.0,1.5,0.5,3.0,0.5,9.24,9.7,8.8,3700566.18,59219.85,32353.02,20.06,11.42,6.26,7.31,0.5,0.5,0.0,0.0,8.75,9.2,8.5,3000913.7,50528.62,16726.27,18.81,32.71,28.38,43.32,6.0,2.0,2.0,1.5,9.13,9.8,8.7,1909800.02,40562.39,14613.72,7.11,14.02,6.26,12.94,5.5,7.5,6.0,16.5,9.03,9.8,8.3,1.0,4.0,138.00000000000006,0.0
2022-07-14,1493012.06,22520.99,12032.13,0.42,1.61,1.25,2.81,0.5,1.0,0.5,0.5,9.88,10.6,9.3,1355607.83,25114.42,8196.98,5.01,11.83,12.52,13.5,0.5,0.5,0.5,2.0,9.58,10.1,9.0,802812.48,11318.24,8196.98,2.93,5.92,4.18,5.06,1.5,2.5,2.5,2.5,8.8,9.3,8.4,930873.19,13017.92,8951.85,10.45,12.37,7.51,8.44,1.5,1.5,1.0,1.0,9.23,10.2,8.6,0.0,0.0,64.4,0.0
2022-08-11,1824653.21,34472.52,13397.6,0.87,0.0,0.0,0.52,0.5,0.0,0.0,0.0,7.77,8.6,7.0,1462179.27,46917.9,5982.13,10.86,1.62,1.09,5.72,1.0,0.0,0.0,0.5,9.29,10.0,7.9,586029.54,7898.71,6180.28,0.44,4.84,1.63,19.23,2.5,0.5,0.5,2.0,9.88,10.7,8.9,579393.29,8030.52,5870.57,6.08,9.68,10.3,7.28,0.5,2.0,0.5,3.0,10.37,11.6,9.4,0.0,0.0,30.000000000000004,0.0
2022-09-15,1911338.73,38615.79,15286.93,6.52,9.14,10.31,7.8,0.5,0.5,1.0,1.0,8.68,9.9,7.5,1394099.13,28445.88,8230.5,9.56,7.53,11.93,8.32,2.0,2.0,3.0,2.0,10.47,11.6,9.3,824794.61,13397.6,7542.46,10.86,10.76,8.68,7.79,3.0,4.0,2.5,1.5,10.71,12.5,9.1,1354206.76,22301.18,6528.57,0.0,1.62,2.71,2.08,6.0,7.0,5.0,4.5,9.8,11.3,8.3,0.0,0.0,129.2,0.0
2022-10-13,554502.66,7141.72,6139.71,16.21,11.83,12.47,12.44,2.0,1.0,1.5,2.0,12.64,13.5,11.8,559727.18,6724.98,6260.58,0.46,1.08,2.17,1.99,2.5,2.0,2.0,2.0,12.85,14.6,11.1,609193.47,7305.52,6662.04,0.0,0.0,0.0,0.0,0.5,0.5,0.5,0.5,12.92,15.5,10.9,652055.28,7911.42,7239.76,0.0,0.0,0.0,0.0,0.0,0.0,0.0,0.0,12.7,15.2,10.8,0.0,0.0,3080.400000000001,1.0
2022-11-02,709964.86,10114.3,6756.57,0.0,0.0,0.0,0.0,0.0,0.0,0.0,0.0,17.45,20.6,14.9,1280069.41,21426.1,9051.22,1.85,1.08,5.42,4.48,0.0,0.0,0.0,0.0,16.01,17.9,14.4,590914.12,9236.55,3950.63,36.12,26.34,5.42,17.9,1.5,0.5,2.5,2.5,16.89,18.0,16.1,360135.48,4340.35,3950.63,0.0,2.15,1.63,0.5,6.0,6.0,1.0,4.0,17.32,20.0,15.1,0.0,0.0,133.99999999999997,0.0
2022-11-08,319503.02,3811.39,3565.89,1.39,0.0,0.0,0.0,0.0,0.0,0.0,0.0,16.52,19.2,14.2,337925.2,4069.54,3743.18,0.0,0.0,0.0,0.0,0.5,0.0,0.0,0.0,16.89,20.7,13.1,362228.94,4390.95,3974.2,0.0,0.0,0.0,0.0,0.0,0.0,0.0,0.0,17.23,20.9,14.3,400862.48,4919.93,4340.35,0.0,0.0,0.0,0.0,0.0,0.0,0.0,0.0,17.33,21.0,14.6,0.0,0.0,41.00000000000001,0.0
2022-11-15,381685.83,4919.93,3834.33,0.0,0.0,0.0,0.0,0.5,0.0,0.0,0.0,18.72,22.8,15.4,498165.4,8578.51,4865.15,6.02,0.0,1.63,0.5,0.0,0.0,0.0,0.0,17.58,20.0,15.5,563858.51,14920.26,3609.58,0.46,1.08,0.54,0.99,5.5,0.0,1.0,0.5,16.16,19.0,13.7,400475.13,6506.07,3765.81,0.46,1.08,1.09,1.0,0.5,0.5,0.5,0.5,14.33,16.1,13.4,0.0,0.0,41.00000000000001,0.0
2022-11-17,292702.88,3522.61,3251.51,3.24,0.0,0.0,0.0,7.5,5.0,7.0,5.5,20.3,24.1,17.0,321039.65,3880.54,3479.75,0.93,0.0,0.0,0.0,1.5,0.0,0.0,0.0,19.78,24.0,15.8,381685.83,4919.93,3834.33,0.0,0.0,0.0,0.0,0.5,0.0,0.0,0.0,18.72,22.8,15.4,498165.4,8578.51,4865.15,6.02,0.0,1.63,0.5,0.0,0.0,0.0,0.0,17.58,20.0,15.5,0.0,0.0,1101.9999999999995,1.0
2022-11-22,497982.98,6230.24,5315.12,4.17,5.38,4.88,2.98,4.5,1.0,4.0,1.0,17.19,18.4,15.9,610473.66,8400.22,6139.71,3.24,6.99,3.25,3.48,3.0,2.5,1.5,1.0,17.24,18.6,15.9,745524.22,10709.06,7571.68,10.65,17.74,15.19,21.88,2.0,3.5,0.5,1.0,18.44,21.1,16.4,1523940.55,53543.41,8223.89,3.71,7.53,12.48,16.91,4.5,8.5,6.5,7.5,16.55,18.3,13.6,1.0,0.0,213.00000000000009,0.0
2022-11-29,1487040.07,19378.19,14318.44,0.93,0.0,0.54,0.0,0.0,0.0,0.0,0.0,15.15,17.2,13.2,1390826.19,20551.83,13489.88,11.58,4.84,8.14,3.98,0.5,0.0,0.5,0.0,14.78,17.1,12.5,1671056.0,27280.47,15530.09,10.19,0.0,0.0,0.5,3.0,2.5,4.0,2.5,14.12,17.0,11.4,2699604.52,34457.13,25805.02,12.51,4.3,3.25,0.99,5.5,0.0,0.0,0.5,12.94,15.1,10.9,0.0,3.0,299.0000000000001,0.0
2022-12-07,568483.48,7012.08,6199.99,0.0,0.0,0.0,0.0,0.0,0.0,0.0,0.0,17.72,19.7,15.9,642834.56,8084.23,6883.7,0.0,0.0,0.0,0.0,0.0,0.0,0.0,0.0,17.22,19.8,15.4,759646.75,9727.58,7911.42,0.0,0.0,0.0,0.0,0.0,0.0,0.0,0.0,16.16,19.3,13.3,933292.16,12122.39,9461.54,0.0,0.0,0.0,0.0,0.0,0.0,0.0,0.0,15.57,18.5,12.8,0.0,1.0,121.00000000000003,0.0
2022-12-13,1315251.96,28315.74,9162.18,0.0,0.0,0.0,0.0,0.0,0.0,0.0,0.0,16.94,20.1,13.9,1475508.18,32449.21,11994.04,27.78,1.61,0.54,1.99,0.0,0.0,0.0,0.0,17.36,18.9,16.3,498019.2,14412.07,4783.77,19.91,31.19,20.61,31.34,7.5,1.0,0.5,0.5,17.76,19.2,16.6,445621.37,5461.22,4865.15,0.0,0.0,0.54,1.99,9.5,6.5,3.5,5.5,16.96,18.6,15.3,0.0,0.0,288.00000000000006,0.0
2022-12-16,593196.58,8400.22,6079.75,6.95,3.22,1.58,3.48,1.5,0.5,0.5,0.5,18.48,20.3,17.0,580154.06,7605.3,6139.71,6.95,1.61,5.27,1.0,1.5,1.0,0.5,1.0,19.18,20.8,17.2,709486.95,9423.85,7437.97,0.0,0.0,0.0,0.0,2.5,0.5,2.5,0.5,18.87,22.2,15.7,1315251.96,28315.74,9162.18,0.0,0.0,0.0,0.0,0.0,0.0,0.0,0.0,16.94,20.1,13.9,0.0,0.0,439.99999999999983,0.0
2022-12-20,1737143.9,23284.34,17328.77,3.71,1.07,10.01,7.46,5.5,3.5,3.0,7.0,17.81,19.9,15.9,1535642.35,22205.38,10548.73,24.54,12.86,10.54,13.43,3.5,0.5,4.5,5.5,17.7,18.9,16.9,597266.66,10789.69,5784.62,17.6,18.75,21.08,16.41,6.5,2.0,1.5,2.5,18.97,20.0,17.6,648573.42,8795.04,6199.99,2.78,0.54,0.53,0.99,4.0,2.5,3.0,3.0,19.78,22.7,17.6,0.0,1.0,1935.0000000000005,1.0
2022-12-27,527623.01,6506.07,5640.0,0.0,0.0,0.0,0.0,0.0,0.0,0.0,0.0,20.84,25.2,16.9,600894.71,7471.28,6413.42,0.0,0.0,0.0,0.0,0.0,0.0,0.0,0.0,19.86,23.3,16.9,708296.88,8977.63,7371.59,0.0,0.0,0.0,0.0,0.0,0.0,0.0,0.0,19.26,22.4,16.9,900454.77,12730.65,8795.04,0.93,1.61,6.32,1.49,0.0,0.0,0.0,0.0,17.37,19.5,15.3,0.0,1.0,74.00000000000003,0.0
2023-01-03,342231.82,4399.36,3702.98,0.0,0.0,0.0,0.0,0.0,0.0,0.0,0.0,19.72,24.2,15.9,332879.07,3941.99,3724.34,0.0,0.0,0.0,0.0,0.0,0.0,0.0,0.0,17.9,20.0,15.8,339475.59,4069.54,3743.18,0.0,0.0,0.0,0.0,0.0,0.0,0.0,0.0,19.54,22.2,16.9,366939.14,4441.96,4021.66,0.0,0.0,0.0,0.0,0.0,0.0,0.0,0.0,20.79,24.5,17.9,0.0,0.0,62.99999999999999,0.0
2023-01-10,6434569.07,110176.55,42727.5,1.39,0.0,0.0,2.49,1.5,1.0,0.5,1.5,15.25,17.3,13.6,3676371.1,113151.32,5166.38,26.86,16.07,9.49,23.38,0.5,0.0,0.0,0.5,16.41,18.3,14.8,398738.85,5218.29,4352.3,32.88,15.53,7.38,11.94,6.5,6.0,3.5,7.0,19.65,20.4,18.3,441481.88,5589.89,4811.23,4.17,1.07,2.64,2.99,10.0,8.5,2.5,6.0,19.74,21.2,17.7,1.0,1.0,1723.0,1.0
2023-01-17,962131.26,12335.4,10080.99,0.0,0.0,0.0,0.0,0.0,0.0,0.0,0.0,18.79,22.0,15.8,1195634.74,15611.74,12210.95,0.0,0.0,0.0,0.0,0.0,0.0,0.0,0.0,17.71,20.9,14.7,1612095.13,22396.79,15476.7,0.0,0.0,0.0,0.0,0.0,0.0,0.0,0.0,16.27,19.4,13.6,2519016.46,40027.71,19259.25,0.0,0.0,0.0,0.0,0.0,0.0,0.0,0.0,14.5,17.0,12.3,1.0,6.0,181.00000000000006,0.0
2023-01-19,695011.57,8602.98,7436.31,0.0,0.0,0.0,0.0,0.0,0.0,0.0,0.0,20.34,23.6,17.5,806797.84,10118.54,8533.95,0.0,0.0,0.0,0.0,0.0,0.0,0.0,0.0,19.99,23.6,16.6,962131.26,12335.4,10080.99,0.0,0.0,0.0,0.0,0.0,0.0,0.0,0.0,18.79,22.0,15.8,1195634.74,15611.74,12210.95,0.0,0.0,0.0,0.0,0.0,0.0,0.0,0.0,17.71,20.9,14.7,0.0,4.0,64.4,0.0
2023-01-25,371561.73,4475.13,4134.6,0.0,0.0,0.0,0.0,0.0,0.0,0.0,0.0,20.01,24.1,16.5,406949.93,4914.21,4425.32,0.0,0.0,0.0,0.0,0.0,0.0,0.0,0.0,19.85,23.6,16.8,447473.57,5495.33,4861.09,0.0,0.0,0.0,0.0,0.0,0.0,0.0,0.0,20.11,22.8,18.0,491439.13,6007.37,5409.69,0.46,0.0,0.0,0.5,0.0,0.0,0.0,0.0,21.04,24.6,18.6,0.0,0.0,187.00000000000003,0.0
2023-01-31,796546.69,11964.0,7662.64,4.63,0.54,0.0,0.0,0.0,0.0,0.0,0.0,21.04,22.8,19.4,1568833.29,22985.91,11964.0,0.0,1.07,0.53,2.98,3.5,0.5,0.0,0.0,18.85,21.6,16.3,1448660.19,27775.04,4861.09,29.18,42.32,26.35,41.77,0.0,0.5,0.5,1.5,17.86,19.4,17.0,372695.99,4967.71,4040.8,22.23,23.04,20.55,18.9,4.0,8.5,6.0,8.5,20.22,21.7,18.8,1.0,1.0,1126.0000000000002,1.0
2023-02-08,561162.09,7213.48,5723.71,0.0,0.0,0.0,0.0,0.5,0.0,0.5,0.0,20.02,22.1,18.4,594155.52,7404.26,6566.02,0.46,0.54,0.0,1.0,0.0,0.0,0.0,0.0,21.71,23.5,20.3,673214.08,9709.42,6808.95,9.73,5.36,6.85,5.49,0.5,0.5,0.0,0.5,22.58,25.2,20.7,1291759.08,35872.39,5893.04,0.0,0.0,0.53,0.0,3.0,2.5,3.5,2.5,21.25,23.8,18.9,1.0,0.0,158.00000000000003,0.0
2023-02-21,1420503.33,18062.71,14878.06,0.0,0.0,0.0,0.0,0.0,0.0,0.0,0.0,16.94,18.8,15.2,1788405.92,24123.91,17868.84,0.0,0.0,0.0,0.0,0.0,0.0,0.0,0.0,16.78,19.0,14.5,2446965.5,34161.36,23728.05,0.0,0.0,0.0,0.0,0.0,0.0,0.0,0.0,15.09,17.8,12.5,3668749.27,56837.29,33400.59,1.85,0.54,0.0,0.0,0.0,0.0,0.0,0.0,14.21,15.1,13.3,2.0,5.0,133.99999999999997,0.0
2023-02-24,1407737.59,23503.41,11199.89,20.84,2.14,4.22,3.49,0.0,0.0,0.0,0.0,16.18,17.4,15.1,1024651.11,12670.23,11317.57,0.93,0.0,2.11,0.5,6.0,1.0,1.5,1.5,17.6,18.6,16.8,1184556.95,14921.79,12500.59,0.0,0.0,0.0,0.0,0.5,0.0,1.5,0.5,17.1,18.4,16.1,1420503.33,18062.71,14878.06,0.0,0.0,0.0,0.0,0.0,0.0,0.0,0.0,16.94,18.8,15.2,0.0,4.0,64.4,0.0
2023-02-28,,0.0,0.0,2.78,0.0,0.0,0.0,0.5,1.0,0.5,1.0,16.05,16.9,15.0,,,,0.93,0.0,0.0,0.5,1.5,0.0,0.0,0.0,14.67,16.9,12.5,,,,6.48,0.0,0.53,4.99,0.5,0.0,0.0,0.5,13.83,14.3,13.6,1770995.15,28089.29,17917.2,0.46,0.0,0.0,0.0,2.0,0.0,0.5,3.0,14.22,15.1,13.6,0.0,1.0,131.99999999999997,0.0
2023-03-07,661384.6,8170.69,6563.14,0.45,0.0,0.0,0.0,0.0,0.0,0.0,0.0,17.49,19.8,15.7,601109.89,7353.49,5860.96,3.63,0.0,0.0,0.0,0.5,0.0,0.0,0.0,18.53,21.1,16.3,653998.27,7959.19,7243.01,1.82,0.0,0.0,0.0,3.0,0.0,0.0,0.0,19.35,21.5,17.9,724985.85,8965.23,7840.48,0.0,0.0,0.0,0.0,1.0,0.0,0.0,0.0,18.01,20.9,15.6,0.0,0.0,95.99999999999999,0.0
2023-03-14,454564.22,5422.83,5080.42,8.17,4.92,0.0,3.99,0.0,0.0,0.0,0.0,15.93,19.4,11.9,477973.07,5839.08,5286.07,0.91,0.0,0.0,0.0,4.5,3.5,0.0,2.5,16.5,18.8,14.1,525096.58,6415.65,5774.0,0.0,0.0,0.53,0.0,1.0,0.0,0.0,0.0,17.02,19.5,14.1,505959.46,6016.92,5731.29,6.81,15.32,6.32,13.96,0.0,0.0,0.5,0.0,17.1,19.0,15.3,0.0,0.0,1145.0000000000005,1.0
2023-03-16,474249.51,6039.59,5135.38,0.0,0.0,0.0,0.0,0.0,0.0,0.0,0.0,14.08,18.7,9.3,599620.03,9610.03,5228.86,0.0,0.0,0.0,0.0,0.0,0.0,0.0,0.0,14.18,17.7,8.5,454564.22,5422.83,5080.42,8.17,4.92,0.0,3.99,0.0,0.0,0.0,0.0,15.93,19.4,11.9,477973.07,5839.08,5286.07,0.91,0.0,0.0,0.0,4.5,3.5,0.0,2.5,16.5,18.8,14.1,0.0,0.0,43.99999999999999,0.0
2023-03-21,460181.11,5795.59,5026.29,0.0,0.0,0.0,0.0,5.5,7.0,5.5,5.5,16.65,19.6,13.3,621577.93,9540.49,5731.29,0.0,0.0,0.0,0.0,0.0,0.0,0.0,0.0,17.33,19.9,15.1,526318.86,9540.49,4728.36,13.62,18.05,12.12,16.45,0.0,0.0,0.0,0.0,17.74,20.7,15.4,414386.86,4990.67,4691.81,4.99,9.3,3.69,8.48,6.0,5.0,5.0,5.5,18.33,22.3,15.6,0.0,0.0,1153.0,1.0
2023-03-28,441515.03,5383.29,4865.8,0.45,0.0,0.0,0.0,7.5,4.0,3.5,5.5,16.06,18.4,14.2,449326.92,5403.01,5044.24,1.82,0.55,0.53,0.5,0.5,0.0,0.0,0.0,16.41,19.2,14.4,482321.44,6016.92,5153.89,0.0,0.0,0.0,0.0,1.0,0.5,0.5,0.5,14.93,18.3,11.8,548104.04,6973.69,5860.96,0.0,0.0,0.0,0.0,0.0,0.0,0.0,0.0,14.37,17.1,12.2,0.0,0.0,189.00000000000003,0.0
2023-04-04,617012.83,7381.35,6921.0,3.18,0.0,1.05,0.0,0.0,0.0,0.0,0.5,14.89,16.3,13.8,649339.69,8079.46,7026.77,2.72,1.64,0.0,1.0,2.0,0.0,0.5,0.0,14.9,16.5,13.4,831950.9,12042.16,7989.11,2.27,2.19,1.05,1.5,1.5,1.5,0.0,1.0,13.57,14.4,12.6,2113453.96,43026.11,11919.19,0.0,0.0,0.0,0.0,0.5,1.0,0.5,1.0,11.55,13.8,9.3,0.0,1.0,108.00000000000003,0.0
2023-04-12,461810.87,5667.91,5116.97,9.98,3.83,3.69,3.99,6.0,1.5,1.5,0.5,15.69,19.1,13.2,500767.52,6201.03,5462.74,0.91,2.19,1.58,1.99,6.0,2.0,1.5,1.5,15.56,19.2,13.2,560665.68,7000.18,6039.59,0.45,0.0,0.53,0.5,0.5,2.0,1.5,2.0,13.76,16.0,11.6,855797.81,18899.39,6894.8,0.0,0.0,0.0,0.0,0.5,0.0,0.0,0.5,12.31,13.6,10.9,0.0,0.0,663.0,1.0
2023-04-18,450748.06,5523.31,4990.67,0.0,0.0,0.0,0.0,0.0,0.0,0.0,0.0,12.25,16.9,8.1,503779.0,6154.42,5422.83,0.0,0.0,0.0,0.0,0.0,0.0,0.0,0.0,12.46,16.0,9.3,572820.69,7579.14,5971.87,0.0,0.0,0.0,0.0,0.0,0.0,0.0,0.0,14.1,15.7,13.0,510940.12,6391.42,5710.07,0.0,0.0,0.0,0.0,0.0,0.0,0.0,0.0,14.58,16.8,13.0,0.0,0.0,135.00000000000003,0.0
2023-04-20,401698.88,4766.13,4573.34,4.54,4.38,11.6,7.98,0.5,0.0,0.5,0.0,15.3,17.6,13.9,419191.84,5044.24,4691.81,0.0,0.0,0.0,0.0,3.5,2.0,5.0,4.5,13.78,17.5,10.1,450748.06,5523.31,4990.67,0.0,0.0,0.0,0.0,0.0,0.0,0.0,0.0,12.25,16.9,8.1,503779.0,6154.42,5422.83,0.0,0.0,0.0,0.0,0.0,0.0,0.0,0.0,12.46,16.0,9.3,0.0,0.0,158.4,0.0
2023-04-26,905346.94,12542.85,8768.95,0.45,0.0,0.0,0.5,4.5,2.0,1.0,0.5,11.12,12.5,9.3,902194.4,15318.6,9471.34,6.35,2.74,2.63,5.99,0.5,0.0,0.0,0.5,13.91,14.9,11.6,1611913.51,27453.64,11005.71,0.91,0.0,0.0,0.0,1.5,1.0,1.5,2.5,14.58,15.3,13.6,1323183.19,24351.69,4527.09,21.78,27.35,31.62,30.41,0.5,0.0,0.0,0.0,15.2,15.6,14.6,0.0,1.0,649.9999999999999,1.0
2023-05-11,412659.38,5462.74,4336.48,14.52,13.67,12.12,12.47,3.5,4.5,2.5,2.5,12.49,14.1,8.7,377241.39,4417.0,4316.18,2.72,0.55,0.53,1.0,4.5,5.0,4.5,4.0,13.63,16.7,10.4,383251.75,4497.76,4380.68,0.0,0.0,0.0,0.0,2.0,0.5,0.5,1.0,14.81,18.3,12.4,388635.91,4589.36,4429.71,0.0,0.0,0.0,0.0,0.0,0.0,0.0,0.0,14.13,16.9,11.9,0.0,0.0,1045.2000000000005,1.0
2023-06-15,517340.95,6248.04,5752.6,0.4,0.0,0.0,0.52,0.0,0.0,0.0,0.0,7.78,9.0,6.8,566783.42,7026.77,6131.26,0.0,0.0,0.0,0.0,0.5,0.0,0.0,0.5,8.06,9.2,6.9,635563.49,8019.13,6894.8,0.81,0.0,0.0,0.52,0.0,0.0,0.0,0.0,8.24,9.6,6.9,807386.42,12207.49,7929.36,0.0,0.0,0.0,0.0,0.5,0.0,0.0,0.5,7.0,7.8,5.9,0.0,0.0,20.800000000000004,0.0
2023-07-20,1528552.01,21160.49,14790.81,2.35,0.0,0.0,0.52,0.0,0.0,0.0,0.0,9.57,10.4,8.9,1565197.29,20634.5,16682.93,10.34,0.53,0.0,0.0,0.5,0.5,0.0,0.5,9.4,10.3,8.7,1709804.4,22506.63,17532.29,4.64,1.06,0.53,5.7,1.5,0.0,0.0,0.0,9.18,9.8,8.5,1986722.84,29632.71,18750.25,2.82,2.66,1.06,2.59,3.0,0.5,0.5,5.0,9.34,9.8,8.9,0.0,7.0,39.199999999999996,0.0
2023-08-17,796615.21,10363.84,8355.79,1.41,2.66,2.65,2.5,1.5,1.0,0.5,1.0,7.75,9.0,6.4,1240437.53,22836.33,10216.93,3.29,1.59,5.82,2.5,0.5,1.5,1.5,1.0,7.67,8.5,6.4,1181082.9,16776.16,9505.86,3.76,3.19,9.53,4.0,1.5,1.0,3.0,1.5,8.63,9.1,8.1,751770.26,9679.96,8140.18,0.94,2.65,1.06,1.0,1.5,1.0,3.0,1.5,8.54,9.9,7.3,0.0,0.0,30.000000000000004,0.0
2023-09-28,2101825.63,34270.24,19249.89,25.85,8.04,5.35,8.0,1.5,0.5,1.0,0.5,9.1,9.6,8.6,1925133.1,29739.53,17532.29,20.2,17.69,16.05,15.0,3.0,1.5,1.5,1.5,9.95,10.6,9.5,974604.37,21801.08,8019.13,2.35,2.15,0.0,2.5,5.0,5.0,5.0,4.0,11.11,12.1,10.6,1490692.08,25099.82,8512.74,6.11,4.29,4.81,4.0,1.5,1.5,0.0,1.0,12.3,13.3,11.4,0.0,1.0,739.9999999999998,1.0
2023-10-12,933836.01,12207.49,9266.25,2.82,0.54,0.0,3.0,0.5,0.5,0.0,0.5,12.22,13.9,10.7,798151.67,9644.94,8998.28,7.99,0.0,0.0,0.0,1.0,0.5,0.0,2.0,12.46,14.5,10.8,968426.67,12585.21,9540.49,2.35,0.0,0.0,0.0,3.0,0.0,0.0,0.0,11.56,14.1,9.1,1211975.35,15766.25,12083.34,1.41,8.58,3.21,3.5,1.0,0.0,0.0,0.0,11.8,13.6,10.4,0.0,0.0,58.39999999999999,0.0
2023-11-07,432936.44,5218.23,4812.82,0.0,0.0,0.0,0.0,0.5,3.5,1.5,2.0,16.29,20.1,13.5,465742.34,5622.76,5149.02,0.0,0.0,0.0,0.0,0.0,0.0,0.0,0.0,16.29,19.5,13.8,512511.34,6211.5,5525.68,0.91,3.22,2.14,1.92,0.0,0.0,0.0,0.5,14.64,16.9,12.0,554765.6,6929.89,6001.42,2.27,1.07,1.61,1.44,1.0,2.0,1.0,0.5,14.91,16.1,13.4,1.0,1.0,216.00000000000006,0.0
2023-11-14,326773.29,3883.9,3696.63,0.0,0.0,0.0,0.0,0.0,0.0,0.0,0.0,17.17,21.0,14.2,341228.21,4072.74,3808.76,0.0,0.0,0.0,0.0,0.0,0.0,0.0,0.0,16.49,20.1,13.4,361146.19,4349.34,4015.32,0.0,0.0,0.0,0.0,0.0,0.0,0.0,0.0,15.68,20.3,11.0,391450.21,4704.39,4288.87,0.0,0.0,0.0,0.0,0.0,0.0,0.0,0.0,15.02,18.8,11.6,0.0,0.0,85.00000000000001,0.0
2023-11-16,302649.45,3570.7,3416.53,0.0,0.0,0.0,0.0,0.0,0.0,0.0,0.0,17.44,20.9,14.9,315524.22,3733.57,3518.34,0.0,0.0,0.0,0.0,0.0,0.0,0.0,0.0,16.59,20.2,13.2,326773.29,3883.9,3696.63,0.0,0.0,0.0,0.0,0.0,0.0,0.0,0.0,17.17,21.0,14.2,341228.21,4072.74,3808.76,0.0,0.0,0.0,0.0,0.0,0.0,0.0,0.0,16.49,20.1,13.4,0.0,0.0,48.800000000000004,0.0
2023-11-21,527347.59,10723.51,4209.25,1.36,3.76,4.82,4.79,0.5,0.5,0.0,0.5,15.87,17.0,14.7,364244.59,4410.47,3847.0,12.69,8.05,5.88,8.14,1.0,1.0,1.0,1.0,17.44,19.4,15.8,306456.32,3939.78,3367.08,10.43,7.51,6.42,8.14,3.0,1.5,1.0,2.5,18.0,20.8,15.6,292378.81,3588.36,3318.59,3.17,1.61,2.14,6.7,5.0,2.0,1.0,2.0,17.25,19.1,15.8,0.0,0.0,368.99999999999994,0.0
2023-11-28,644915.5,9221.31,6266.6,0.0,0.0,0.0,0.0,2.0,1.0,1.0,2.0,12.7,14.0,11.5,1121977.01,18365.0,9184.72,0.91,0.0,0.0,0.0,0.0,0.0,0.0,0.0,12.35,13.5,11.2,735118.66,10132.47,5667.81,4.99,0.52,0.0,1.44,0.5,0.0,0.0,0.0,13.48,15.0,12.5,445257.47,5667.81,4986.57,14.51,6.74,8.6,12.45,1.0,0.5,0.0,1.0,16.0,17.6,14.0,0.0,0.0,175.00000000000006,0.0
2023-12-05,488719.59,7549.29,4898.96,6.8,5.18,1.91,3.35,0.5,0.0,0.0,0.0,17.69,20.5,16.1,424972.11,5082.49,4838.67,6.35,6.74,6.68,6.71,1.5,2.0,1.0,1.0,17.53,18.9,16.6,458825.55,5526.07,5020.87,0.0,0.0,0.0,0.0,1.5,1.5,2.0,1.5,18.42,22.6,14.4,536591.36,7144.33,5493.67,0.0,0.0,0.0,0.0,0.0,0.0,0.0,0.0,16.5,18.8,14.4,0.0,0.0,295.0000000000001,0.0
2023-12-12,417344.48,6128.0,3699.36,0.0,0.0,0.0,0.0,1.0,0.5,1.0,0.5,16.95,21.0,13.0,316076.29,3854.57,3523.29,10.89,6.22,8.59,9.1,0.0,0.0,0.0,0.0,16.9,19.1,15.1,330604.27,3986.92,3623.24,0.0,0.0,0.0,0.0,3.0,4.5,3.0,4.5,19.79,24.0,15.8,368778.92,4486.11,3960.23,0.0,0.0,0.0,0.0,0.0,0.0,0.0,0.0,18.84,23.2,14.9,0.0,0.0,264.99999999999994,0.0
2023-12-15,333507.41,4094.78,3699.36,0.0,0.0,0.0,0.0,0.0,0.0,0.0,0.0,17.26,20.9,14.5,336727.36,4149.37,3699.36,0.45,0.0,0.0,0.0,0.0,0.0,0.0,0.0,16.24,19.3,13.6,349931.7,4601.88,3802.39,3.63,0.52,0.96,1.44,0.5,0.0,0.0,0.0,16.89,19.4,15.2,417344.48,6128.0,3699.36,0.0,0.0,0.0,0.0,1.0,0.5,1.0,0.5,16.95,21.0,13.0,0.0,0.0,43.60000000000001,0.0
2023-12-19,243363.95,2938.35,2681.95,0.0,0.0,0.96,0.48,0.0,0.0,0.0,0.0,22.02,27.0,18.4,261282.7,3141.03,2894.52,0.0,0.0,0.0,0.0,0.0,0.0,1.0,0.5,19.44,22.4,17.0,279090.43,3376.65,3095.22,0.0,0.0,0.0,0.0,0.0,0.0,0.0,0.0,19.77,23.3,17.2,308561.24,3750.66,3328.65,0.0,0.0,0.0,0.0,0.0,0.0,0.0,0.0,19.1,23.0,16.1,0.0,0.0,108.99999999999997,0.0
2023-12-28,303079.61,3854.57,3210.56,0.91,1.55,0.0,1.44,0.0,0.0,0.0,0.0,23.25,27.4,19.9,426722.13,6025.21,3828.42,0.45,1.04,3.82,3.35,1.0,0.5,1.0,1.0,22.87,26.7,20.0,589838.98,12269.81,2378.4,0.91,3.62,1.91,1.92,0.5,0.5,1.0,1.0,21.88,23.2,20.7,204259.63,2702.72,2229.88,16.78,14.5,5.73,8.14,0.5,1.5,2.0,0.5,23.0,25.0,21.1,0.0,0.0,318.0,0.0
2024-01-04,411345.51,5496.84,4136.61,0.0,0.0,0.0,0.0,0.5,0.0,0.0,0.0,20.99,25.4,17.6,663962.43,11822.46,5496.84,0.0,0.0,0.0,0.0,0.0,0.0,0.0,0.0,18.82,22.0,15.6,1091512.45,20082.54,4801.29,5.44,3.11,0.0,0.0,0.0,0.0,0.0,0.0,18.79,20.8,17.0,502890.77,7858.55,4801.29,15.42,21.75,42.02,28.73,6.0,2.0,0.0,0.0,19.97,21.4,19.0,1.0,0.0,10.000000000000002,0.0
2024-01-09,281263.59,3581.37,2949.44,0.0,0.0,0.0,0.0,0.0,0.0,0.0,0.0,21.8,26.3,17.2,342692.25,4378.66,3581.37,0.0,0.0,0.0,0.0,0.0,0.0,0.0,0.0,19.94,24.9,15.1,358525.05,5340.57,3210.01,0.91,1.03,0.96,2.39,0.0,0.0,0.0,0.0,18.97,20.7,17.2,287362.31,3533.45,3187.71,15.42,1.04,2.86,0.96,0.5,1.0,1.0,1.0,19.28,20.7,18.2,0.0,0.0,52.00000000000001,0.0
2024-01-16,401628.45,25580.74,1971.17,39.45,10.36,2.87,9.58,0.5,0.0,0.0,0.0,21.13,22.7,19.0,177775.07,2110.13,1986.27,0.0,0.0,0.0,0.0,12.0,2.5,1.0,4.5,22.68,26.3,20.1,187769.11,2243.04,2078.64,0.0,0.0,0.0,0.0,0.0,0.0,0.0,0.0,22.38,26.9,19.1,200785.88,2365.67,2243.04,0.0,0.0,0.0,0.0,0.0,0.0,0.0,0.0,21.58,24.6,19.1,1.0,0.0,1313.9999999999995,1.0
2024-01-18,360398.46,5187.0,3415.54,0.96,0.0,0.0,0.0,19.0,1.5,0.0,0.0,22.66,26.8,18.8,864235.02,22226.77,5187.0,0.45,0.0,0.0,0.0,1.0,0.0,0.0,0.0,20.36,24.5,16.6,401628.45,25580.74,1971.17,39.45,10.36,2.87,9.58,0.5,0.0,0.0,0.0,21.13,22.7,19.0,177775.07,2110.13,1986.27,0.0,0.0,0.0,0.0,12.0,2.5,1.0,4.5,22.68,26.3,20.1,1.0,0.0,260.39999999999986,0.0
2024-01-24,393478.97,5077.24,4196.9,7.17,5.18,0.96,1.14,0.0,0.0,0.0,0.0,21.75,23.7,18.6,463978.04,7819.14,3874.74,4.3,0.0,0.0,0.0,6.0,2.5,1.0,0.5,23.58,25.8,21.2,326152.16,5792.36,3416.02,0.0,3.11,2.87,1.14,2.5,0.0,0.0,0.0,24.37,27.7,22.1,346818.63,5161.58,3617.33,0.96,27.45,3.82,4.55,0.0,2.0,1.0,1.0,23.97,26.2,21.9,2.0,0.0,247.00000000000006,0.0
2024-01-30,447356.34,6628.47,3896.97,4.3,0.0,0.0,0.0,2.0,0.0,0.0,0.0,17.89,19.9,16.0,279812.63,3896.97,3048.1,17.69,12.43,11.46,8.72,0.5,0.0,0.0,0.0,17.81,19.0,16.9,271379.46,3232.07,3064.49,0.96,0.0,0.96,0.0,5.0,7.0,7.0,6.0,19.54,21.3,18.0,286303.73,3357.97,3215.01,0.0,0.0,0.0,0.0,1.0,0.0,1.0,0.0,20.81,25.4,16.4,0.0,0.0,379.0,0.0
2024-02-07,506314.6,6564.08,5302.73,0.0,0.0,0.0,0.0,0.0,0.0,0.0,0.0,20.87,25.0,17.0,686899.84,10086.63,6564.08,0.0,0.0,0.0,0.0,0.0,0.0,0.0,0.0,19.1,23.1,15.8,1452191.95,26196.55,10086.63,0.0,0.0,0.0,0.0,0.0,0.0,0.0,0.0,15.32,18.9,11.7,1207042.1,30704.98,4750.69,26.18,21.36,9.22,10.61,0.0,0.0,0.0,0.0,16.11,18.1,14.1,0.0,0.0,242.99999999999994,0.0
2024-02-13,309102.47,3743.87,3301.0,0.0,0.0,0.0,0.0,0.0,0.0,0.0,0.0,18.32,23.1,13.9,327031.74,4009.93,3596.66,1.94,1.07,0.97,0.38,0.0,0.0,0.0,0.0,18.48,20.7,16.9,323979.06,3874.74,3638.12,5.82,0.53,0.0,0.0,1.0,0.5,1.0,0.5,20.93,22.6,18.9,332349.18,4032.88,3638.12,1.94,0.0,0.0,0.0,4.5,0.5,0.0,0.0,21.63,25.5,18.1,0.0,0.0,19.999999999999996,0.0
2024-02-15,257174.62,3048.1,2872.3,0.0,0.0,0.0,0.0,0.0,0.0,0.0,0.0,20.5,24.4,17.2,275203.6,3301.0,3031.78,0.0,0.0,0.0,0.0,0.0,0.0,0.0,0.0,19.39,23.5,15.5,309102.47,3743.87,3301.0,0.0,0.0,0.0,0.0,0.0,0.0,0.0,0.0,18.32,23.1,13.9,327031.74,4009.93,3596.66,1.94,1.07,0.97,0.38,0.0,0.0,0.0,0.0,18.48,20.7,16.9,0.0,0.0,74.00000000000003,0.0
2024-02-20,215767.97,2531.13,2461.69,1.45,0.0,0.0,0.0,2.0,1.0,0.0,0.0,21.12,24.5,18.8,218801.59,2573.6,2489.26,0.0,0.0,0.0,0.0,1.5,0.0,0.0,0.0,21.58,24.9,19.7,224762.25,2675.07,2531.13,0.0,0.0,0.0,0.0,0.0,0.0,0.0,0.0,20.92,24.1,17.4,233796.68,2764.68,2616.68,0.0,0.0,0.0,0.0,0.0,0.0,0.0,0.0,20.59,25.1,16.7,0.0,0.0,310.99999999999994,0.0
2024-02-27,237460.55,3338.85,2164.97,0.91,0.0,0.0,0.0,1.5,0.5,0.5,0.5,20.54,23.7,17.8,186871.73,2286.5,2012.17,8.66,3.74,0.97,1.9,0.5,0.0,0.0,0.0,21.09,24.9,18.5,178606.19,2087.36,2024.54,0.0,0.0,0.0,0.0,4.0,2.0,1.0,1.5,19.77,22.8,17.5,180121.42,2112.95,2062.04,0.0,0.0,0.0,0.0,0.0,0.0,0.0,0.0,19.86,21.3,18.7,0.0,0.0,230.99999999999994,0.0
2024-03-05,308191.69,4059.31,2825.8,23.71,33.1,12.86,25.78,0.5,0.5,2.0,1.5,18.21,19.8,16.5,233999.08,2825.8,2630.93,3.19,0.53,0.24,0.0,8.5,12.0,8.5,13.0,19.17,21.5,18.0,261795.1,3380.86,2700.19,1.82,0.0,0.0,0.0,2.5,0.5,0.5,0.0,18.9,20.8,17.3,330914.51,4181.2,3380.86,0.0,0.0,0.0,0.0,0.5,0.0,0.0,0.0,18.27,21.9,14.6,1.0,0.0,3779.9999999999986,1.0
2024-03-12,224494.96,2717.79,2481.79,0.0,0.53,0.0,0.97,0.0,0.5,0.0,0.5,17.38,19.0,16.1,254674.12,3256.05,2700.19,0.0,0.0,0.0,0.0,0.0,0.0,0.0,0.5,17.02,20.2,13.7,313251.49,3963.61,3235.6,0.0,0.0,0.0,0.0,0.0,0.0,0.0,0.0,17.69,20.4,15.7,299466.34,3619.09,3318.0,9.12,3.2,0.49,5.35,0.0,0.0,0.0,0.0,17.35,20.1,15.5,0.0,0.0,108.99999999999997,0.0
2024-03-14,204551.44,2546.93,2300.42,15.96,9.61,0.73,5.84,0.5,0.0,0.5,0.0,18.5,19.8,17.3,209802.06,2514.13,2328.52,0.0,0.0,0.0,0.49,3.5,3.5,0.5,1.5,19.22,22.9,16.7,224494.96,2717.79,2481.79,0.0,0.53,0.0,0.97,0.0,0.5,0.0,0.5,17.38,19.0,16.1,254674.12,3256.05,2700.19,0.0,0.0,0.0,0.0,0.0,0.0,0.0,0.5,17.02,20.2,13.7,0.0,0.0,342.80000000000007,0.0
2024-03-19,298920.36,3823.08,3154.19,0.0,0.0,0.0,0.0,0.0,0.0,0.0,0.0,15.29,18.0,13.3,403104.03,6041.13,3823.08,0.0,0.0,0.0,0.0,0.0,0.0,0.0,0.0,14.83,17.4,12.7,491446.97,7134.27,3846.25,1.37,1.6,0.48,0.97,0.0,0.0,0.0,0.0,15.45,17.9,13.4,351997.48,5218.39,3641.36,8.66,2.67,1.46,3.41,1.0,1.0,0.5,0.5,16.19,17.1,15.3,0.0,0.0,52.00000000000001,0.0
2024-03-26,184180.42,2151.85,2100.12,3.65,1.07,0.0,0.0,2.5,0.0,0.0,0.0,16.71,18.6,14.9,190159.95,2231.68,2151.85,0.0,0.0,0.0,0.0,2.0,0.5,0.0,0.0,17.08,20.4,14.3,194210.38,2286.5,2218.18,0.91,0.0,0.0,0.0,0.0,0.0,0.0,0.0,15.65,17.8,13.3,202976.29,2402.94,2272.67,0.0,0.0,0.0,0.0,1.0,0.0,0.0,0.0,15.54,18.9,12.3,0.0,0.0,189.00000000000003,0.0
2024-04-03,224874.59,2753.33,2465.79,0.0,0.0,0.0,0.0,0.0,0.0,0.0,0.0,15.48,17.7,13.5,257230.78,3256.05,2735.51,0.0,0.0,0.0,0.0,0.0,0.0,0.0,0.0,14.64,17.6,12.0,305004.09,3731.42,3235.6,0.0,0.0,0.0,0.0,0.0,0.0,0.0,0.0,13.88,16.6,11.8,370729.13,5621.19,3531.05,4.56,0.0,0.0,0.0,0.0,0.0,0.0,0.0,13.51,16.3,11.7,0.0,0.0,74.99999999999997,0.0
2024-04-09,202803.0,2434.13,2258.92,0.0,0.0,0.0,0.0,0.0,0.0,0.0,0.0,15.19,18.02,12.51,219799.35,2682.7,2418.48,0.0,0.0,0.0,0.0,0.0,0.0,0.0,0.0,14.59,17.54,11.77,258940.97,3596.93,2648.07,0.0,0.0,0.0,0.0,0.0,0.0,0.0,0.0,14.58,17.31,11.89,251550.68,3987.39,2357.0,0.91,0.53,0.0,0.0,0.0,0.0,0.0,0.0,16.26,18.82,14.67,0.0,0.0,30.000000000000004,0.0
2024-04-11,184342.25,2178.16,2074.66,0.0,0.0,0.0,0.0,1.5,0.0,0.5,0.0,16.08,19.12,13.18,191827.21,2272.67,2138.81,0.0,0.0,0.0,0.0,0.0,0.0,0.0,0.0,16.01,18.33,13.91,202803.0,2434.13,2258.92,0.0,0.0,0.0,0.0,0.0,0.0,0.0,0.0,15.19,18.02,12.51,219799.35,2682.7,2418.48,0.0,0.0,0.0,0.0,0.0,0.0,0.0,0.0,14.59,17.54,11.77,0.0,0.0,58.39999999999999,0.0
2024-04-16,560300.74,7510.16,4801.34,0.0,3.2,1.02,0.49,1.5,1.0,0.5,0.5,14.19,15.43,13.01,359218.02,7337.96,2258.92,7.29,0.0,0.0,0.49,0.0,2.0,0.5,0.0,15.39,16.91,14.4,202548.92,2465.79,2204.76,6.38,4.27,3.06,7.3,1.5,0.0,0.0,0.5,15.7,16.61,14.48,183215.54,2258.92,2049.47,7.3,9.07,13.28,6.33,3.0,2.0,1.5,3.0,16.11,17.5,14.98,0.0,0.0,211.00000000000003,0.0
2024-04-23,582708.22,7896.92,5828.96,4.56,1.07,0.51,0.97,0.0,0.0,0.5,0.0,13.42,15.1,12.1,590218.25,13169.0,3093.84,8.66,4.27,0.51,0.0,4.5,0.5,0.5,0.5,13.92,15.31,12.84,275521.56,3380.86,3034.51,19.61,3.2,0.0,0.97,3.5,4.0,0.5,0.0,14.01,15.02,12.98,323345.49,4205.88,3380.86,0.0,0.0,0.0,0.0,4.0,2.5,0.0,0.5,13.91,15.44,12.33,0.0,0.0,133.99999999999997,0.0
2024-05-16,216656.16,2580.19,2481.79,3.49,1.72,1.53,1.95,0.0,0.0,0.0,0.5,11.25,12.7,10.12,217599.65,2613.9,2402.94,0.0,0.0,0.0,0.0,1.5,0.5,0.5,1.0,11.1,12.5,10.1,204760.65,2402.94,2342.71,3.05,0.0,0.51,0.49,0.0,0.0,0.0,0.0,10.65,12.16,9.6,205788.97,2418.48,2342.71,1.31,0.0,0.0,0.0,2.0,0.0,0.5,0.5,9.01,10.24,7.59,0.0,0.0,30.000000000000004,0.0
2024-06-13,252342.12,3014.97,2844.2,2.18,0.57,0.51,0.97,0.0,0.0,0.0,0.0,10.25,10.84,9.62,266918.04,3154.19,2995.53,1.31,2.3,1.02,0.97,2.0,0.5,0.5,0.5,11.05,11.6,10.4,266857.64,3174.54,2995.53,3.05,8.61,4.09,6.81,0.5,0.5,0.5,0.5,11.53,12.39,10.78,260844.32,3133.96,2918.95,0.0,5.74,6.13,4.87,1.5,3.5,1.0,2.0,9.66,11.08,8.31,0.0,0.0,16.400000000000002,0.0
2024-07-18,361902.28,4474.0,3854.49,1.74,0.0,0.0,0.0,2.5,0.5,0.5,0.5,9.18,9.85,8.4,377870.68,4771.02,3986.52,0.87,0.0,0.0,0.51,0.0,0.0,0.0,0.0,8.63,10.05,7.25,392135.4,4832.75,4207.95,0.44,0.0,0.0,0.0,0.5,0.0,0.0,0.5,6.82,7.65,5.68,419712.83,5634.05,3903.62,0.0,0.0,0.0,0.0,0.5,0.0,0.0,0.0,7.18,8.3,6.1,0.0,0.0,20.800000000000004,0.0
2024-08-15,419962.68,5634.05,4366.22,0.0,0.0,0.0,0.0,0.5,0.0,0.0,0.0,7.82,9.91,6.03,750896.46,16727.52,4979.81,0.0,0.0,0.0,0.0,0.0,0.0,0.0,0.0,7.39,8.71,5.82,384960.6,4979.81,4348.43,9.65,0.55,0.0,0.51,0.0,0.0,0.0,0.0,9.18,10.23,8.39,488701.05,6430.84,4649.89,0.92,0.0,0.0,0.0,2.0,0.5,0.0,0.5,8.73,9.51,7.69,0.0,0.0,80.39999999999999,0.0
2024-09-12,533386.76,6534.39,5925.98,3.68,3.27,3.08,1.53,0.0,0.0,0.0,0.0,11.6,13.69,9.7,544076.99,7206.81,5975.84,3.68,1.09,3.59,5.59,2.5,2.5,2.5,1.0,12.13,14.53,10.48,579464.76,7776.08,6176.84,2.3,2.18,1.54,1.53,2.0,0.5,2.0,2.5,11.04,12.65,9.72,701335.52,11222.56,6405.13,2.76,0.0,0.0,0.0,1.0,1.0,0.5,1.0,11.51,13.16,10.27,0.0,0.0,24.8,0.0
2024-10-17,528129.51,6398.88,5667.15,0.0,0.0,0.0,0.0,0.0,0.0,0.0,0.0,12.2,15.17,9.5,563918.96,7286.36,6206.64,1.84,0.0,6.67,0.51,0.0,0.0,0.0,0.0,12.12,13.34,11.1,640699.74,7836.77,6829.54,0.92,8.16,57.41,12.71,1.0,0.0,1.5,0.5,12.92,14.71,11.68,594825.24,7317.78,6625.6,6.44,13.06,24.09,12.72,0.5,3.5,37.5,5.5,13.25,15.11,11.61,3.0,0.0,34.4,0.0
2024-11-05,589771.04,8457.39,5740.8,0.0,0.0,0.0,0.0,0.0,0.0,0.0,0.5,13.44,17.03,9.8,982484.04,18263.67,8457.39,2.81,0.0,0.0,1.36,0.0,0.0,0.0,0.0,12.85,14.75,11.25,600997.25,11736.54,4878.25,11.25,10.89,27.68,16.8,1.5,0.0,0.0,1.0,14.13,14.76,12.88,504770.87,6654.37,5077.84,0.0,0.0,0.0,0.0,4.5,4.5,7.5,5.0,14.4,16.73,12.49,0.0,0.0,2603.0,1.0
2024-11-12,389122.73,5119.0,4153.04,0.0,0.55,0.0,0.0,0.0,0.0,0.0,0.0,17.24,20.11,14.8,365233.0,4325.32,4168.18,3.75,0.55,4.65,3.18,0.0,0.5,0.0,0.0,17.35,18.21,16.31,395184.14,4956.84,4214.24,0.0,0.0,0.0,0.0,2.5,0.5,2.5,2.0,18.09,20.59,15.52,459970.86,6454.95,4744.69,0.0,0.0,0.0,0.0,0.0,0.0,0.0,0.0,17.77,20.74,14.98,0.0,0.0,52.00000000000001,0.0
2024-11-14,339077.35,4014.74,3834.51,2.81,0.0,0.0,0.0,0.0,0.5,0.5,1.0,19.17,23.07,15.93,362796.03,4545.08,4001.43,0.0,0.0,0.0,0.0,1.5,0.0,0.0,0.0,17.8,22.15,14.06,389122.73,5119.0,4153.04,0.0,0.55,0.0,0.0,0.0,0.0,0.0,0.0,17.24,20.11,14.8,365233.0,4325.32,4168.18,3.75,0.55,4.65,3.18,0.0,0.5,0.0,0.0,17.35,18.21,16.31,0.0,0.0,34.4,0.0
2024-11-19,434493.77,5618.69,4580.44,0.0,0.0,0.0,0.0,0.0,0.0,0.0,0.0,16.83,21.32,12.65,619477.34,8316.11,5618.69,0.0,0.0,0.0,0.0,0.0,0.0,0.0,0.0,14.95,18.3,11.51,942835.42,21392.11,4707.47,3.28,3.3,0.52,5.0,0.0,0.0,0.0,0.0,15.19,16.55,13.55,346500.41,4707.47,3785.25,22.49,22.01,14.46,20.89,1.5,2.0,0.5,3.5,17.43,18.15,16.55,0.0,0.0,110.00000000000004,0.0
2024-11-25,372608.58,4563.48,4064.07,0.0,0.0,0.0,0.0,0.0,0.0,0.0,0.0,17.31,21.41,13.82,476660.13,6412.37,4563.48,0.47,0.0,0.0,0.0,0.0,0.0,0.0,0.0,15.85,18.12,13.99,542739.28,7617.55,3753.21,6.56,0.0,0.0,0.45,0.5,0.0,0.0,0.0,15.7,19.0,12.71,314739.27,3829.27,3477.82,11.72,1.65,3.1,0.91,3.5,0.0,0.0,0.5,15.77,17.63,14.19,0.0,0.0,85.99999999999997,0.0
2024-12-03,251337.84,2985.77,2788.0,0.0,0.55,1.03,0.45,0.0,0.0,0.0,0.0,21.29,24.58,18.9,267131.71,3306.41,2939.44,0.47,1.1,0.0,0.0,0.0,0.5,0.5,0.5,20.79,24.22,17.89,274585.98,3442.27,2985.77,0.0,0.0,0.52,0.91,0.5,0.5,0.0,0.0,20.37,25.16,16.75,261217.45,3063.96,2985.77,3.28,3.3,7.23,4.54,0.0,0.0,0.5,0.5,18.48,19.47,17.29,0.0,0.0,52.00000000000001,0.0
2024-12-10,206627.89,2441.49,2317.03,11.3,6.05,7.23,2.27,0.0,0.0,0.0,0.0,19.04,20.64,17.13,206852.21,2441.49,2317.03,0.0,0.0,0.0,0.0,4.0,2.0,2.0,0.5,19.38,23.06,16.4,214369.32,2526.04,2413.59,0.0,0.0,0.0,0.0,0.0,0.0,0.0,0.0,19.1,21.87,17.12,224825.96,2655.41,2511.86,0.0,0.0,0.0,0.0,0.0,0.0,0.0,0.0,20.83,25.77,16.83,0.0,0.0,2613.000000000001,1.0
2024-12-12,254095.97,3407.0,2597.53,0.0,0.0,0.0,0.0,2.0,1.5,4.0,4.0,19.79,24.19,15.92,298361.53,4434.9,2385.83,0.0,0.0,0.0,0.0,0.0,0.0,0.0,0.0,18.7,22.19,15.37,206627.89,2441.49,2317.03,11.3,6.05,7.23,2.27,0.0,0.0,0.0,0.0,19.04,20.64,17.13,206852.21,2441.49,2317.03,0.0,0.0,0.0,0.0,4.0,2.0,2.0,0.5,19.38,23.06,16.4,0.0,0.0,78.0,0.0
2024-12-17,191038.64,2728.66,2141.95,0.0,4.95,2.58,21.8,8.5,2.5,1.5,22.0,21.14,23.52,19.07,195949.48,2317.03,2195.25,0.0,0.0,0.0,0.0,0.0,2.0,1.0,1.5,21.62,25.09,19.25,209251.15,2497.71,2303.37,0.0,0.0,0.0,0.0,0.0,0.0,0.0,0.0,21.17,25.46,17.86,220889.4,2684.58,2427.52,0.94,1.65,1.03,1.36,0.0,0.0,0.0,0.0,20.55,24.53,17.59,0.0,0.0,175.00000000000006,0.0
2024-12-23,515359.31,7299.91,4737.94,0.0,0.55,5.17,3.18,1.5,0.0,0.0,2.0,18.54,20.11,16.84,483632.99,7237.1,4669.14,14.12,2.2,4.65,3.63,0.0,0.5,3.0,1.0,19.53,21.97,17.0,688962.26,9564.44,5987.54,3.77,3.3,4.13,3.63,5.0,0.5,2.5,1.5,18.49,21.01,16.67,413581.39,9844.82,2260.16,8.47,1.1,3.1,4.09,1.5,1.5,2.5,2.0,18.34,22.4,15.74,1.0,0.0,197.0,0.0
2024-12-30,397894.13,5441.95,3948.44,0.0,0.0,0.0,0.0,7.5,1.5,0.0,14.5,20.23,24.83,16.09,699749.79,13135.17,5441.95,0.0,0.0,0.0,0.0,0.0,0.0,0.0,0.0,17.68,22.2,13.54,1261720.83,24217.38,3004.99,9.41,3.85,1.55,1.82,0.0,0.0,0.0,0.0,17.28,18.56,15.37,244039.71,3004.99,2738.71,6.12,2.2,8.27,7.27,4.5,3.0,1.0,1.5,19.87,21.33,18.56,0.0,0.0,242.99999999999994,0.0
2025-01-07,1834550.27,29275.14,18733.26,24.48,0.55,0.0,0.0,1.0,0.0,0.0,0.0,12.37,13.22,12.01,1913191.25,32499.56,18429.32,15.53,12.65,16.01,9.54,3.5,0.5,0.0,0.0,12.81,14.3,11.41,2826716.82,54638.11,11034.43,29.66,9.9,6.2,9.99,3.0,3.5,6.0,3.0,13.44,15.41,12.35,836286.83,11034.43,9218.34,26.83,23.11,13.95,17.71,6.5,5.0,5.5,6.0,15.69,16.74,14.43,0.0,2.0,413.99999999999994,0.0
2025-01-14,465760.71,5781.82,4988.13,0.0,0.0,0.0,0.0,0.0,0.0,0.0,0.0,15.97,19.93,12.61,536448.63,6712.77,5724.06,0.47,0.0,0.0,0.0,0.0,0.0,0.0,0.0,15.37,17.05,13.85,633286.99,8039.37,6712.77,0.0,0.0,0.0,0.0,0.5,0.0,0.0,0.0,16.67,19.06,14.56,794375.8,10523.26,8039.37,0.0,0.0,0.0,0.0,0.0,0.0,0.0,0.0,16.55,20.09,13.27,0.0,2.0,19.999999999999996,0.0
2025-01-22,250872.22,2986.67,2790.53,,0.0,,0.0,0.0,0.0,0.0,0.0,21.57,26.14,17.42,263455.95,3135.4,2968.44,,0.0,,0.0,0.0,0.0,0.0,0.0,20.85,25.74,16.59,277110.4,3308.84,3079.03,,0.0,,0.0,0.0,0.0,0.0,0.0,20.56,24.8,17.34,292762.99,3504.74,3269.74,,0.0,,0.0,0.0,0.0,0.0,0.0,20.67,25.12,17.02,0.0,0.0,10.000000000000002,0.0
2025-01-28,422004.07,8403.45,2488.78,,2.2,,1.82,0.0,0.5,0.0,0.0,19.99,22.42,17.79,195778.55,2522.0,2150.07,,19.81,,12.26,2.5,1.5,0.5,1.0,20.99,22.21,19.95,191283.33,2267.57,2150.07,,0.0,,0.0,6.0,7.0,8.5,3.5,22.28,25.04,19.08,201529.76,2391.55,2237.59,,0.0,,0.0,0.0,0.0,0.0,0.0,21.41,24.72,18.83,0.0,0.0,358.9999999999999,0.0
2025-01-30,241112.65,3189.08,2472.32,,,,,4.5,3.5,2.5,4.0,18.49,21.0,15.75,368885.82,6016.27,3189.08,,,,,0.0,0.0,0.0,0.0,18.31,22.56,14.58,422004.07,8403.45,2488.78,,2.2,,1.82,0.0,0.5,0.0,0.0,19.99,22.42,17.79,195778.55,2522.0,2150.07,,19.81,,12.26,2.5,1.5,0.5,1.0,20.99,22.21,19.95,0.0,0.0,40.8,0.0
2025-02-04,285164.57,3583.22,3041.85,,,,,0.0,0.0,0.0,0.0,20.88,25.21,16.7,344209.8,4488.35,3583.22,,,,,0.0,0.0,0.0,0.0,21.3,24.81,18.85,540393.59,9915.41,4488.35,,,,,0.0,0.0,0.0,0.5,20.08,22.43,18.11,857865.15,20055.42,2857.74,,,,,0.5,0.0,0.0,0.0,18.51,19.49,17.38,0.0,0.0,41.00000000000001,0.0
2025-02-11,184278.9,2187.4,2061.47,,,,,0.0,0.0,0.0,0.0,22.63,27.33,19.07,191660.29,2274.95,2144.7,,,,,0.0,0.0,0.0,0.0,21.95,26.33,18.6,197981.79,2334.92,2230.81,,,,,0.0,0.0,0.0,0.0,21.64,26.04,17.94,205518.6,2442.94,2289.82,,,,,0.0,0.0,0.0,0.0,21.67,26.23,17.64,0.0,0.0,98.00000000000004,0.0
2025-02-18,153007.21,1810.94,1718.21,,,,,0.5,3.0,2.5,4.5,22.05,26.71,18.94,154096.93,1822.74,1752.66,,,,,0.0,0.0,0.0,0.0,21.13,23.73,19.17,156275.47,1846.46,1764.23,,,,,0.0,0.0,0.0,0.0,21.64,26.51,18.0,161459.52,1918.78,1799.2,,,,,0.0,0.0,0.0,0.0,21.66,26.8,17.55,0.0,0.0,159.99999999999994,0.0
2025-02-20,218018.83,3060.4,2144.7,,,,,0.0,0.0,0.0,0.5,20.22,22.21,18.32,209289.64,3408.0,1752.66,,,,,0.0,0.5,0.0,0.5,21.63,23.49,19.98,153007.21,1810.94,1718.21,,,,,0.5,3.0,2.5,4.5,22.05,26.71,18.94,154096.93,1822.74,1752.66,,,,,0.0,0.0,0.0,0.0,21.13,23.73,19.17,0.0,0.0,136.4,0.0
2025-02-25,180344.83,2260.16,1918.78,,,,,0.0,0.0,0.0,0.0,20.22,25.11,16.29,233028.54,3388.01,2245.45,,,,,0.0,0.0,0.0,0.0,18.92,22.1,16.61,282520.95,4761.0,1918.78,,,,,0.0,0.0,0.0,0.0,18.96,22.39,16.28,165441.93,1968.0,1858.39,,,,,0.0,0.0,0.0,0.0,19.7,21.85,17.83,0.0,0.0,72.99999999999999,0.0
2025-03-05,147563.52,2190.62,1432.49,,,,,3.0,0.5,0.5,0.5,19.35,20.51,17.88,128123.35,1516.01,1432.49,,,,,6.5,4.5,5.0,8.5,21.33,25.15,19.1,132286.1,1571.0,1484.09,,,,,0.0,0.0,0.0,0.0,20.82,24.13,18.71,137587.43,1644.95,1537.73,,,,,0.0,0.0,0.0,0.0,21.24,24.31,18.94,0.0,0.0,9804.000000000007,1.0
2025-03-11,213440.27,2682.83,2345.85,,,,,0.0,0.0,0.0,0.0,17.72,21.79,13.97,249580.34,3295.46,2682.83,,,,,0.0,0.0,0.0,0.0,16.97,19.91,14.42,250174.64,3253.09,2624.21,,,,,0.5,0.5,0.0,0.5,16.46,18.71,14.41,344940.57,4980.25,3209.51,,,,,3.5,9.5,0.0,1.5,16.23,19.93,12.64,0.0,0.0,133.99999999999997,0.0
2025-03-13,177100.74,2092.05,1981.61,,,,,0.0,0.0,0.0,0.0,18.22,21.05,16.69,191669.8,2345.85,2076.0,,,,,1.0,4.0,0.5,3.0,17.31,19.37,15.15,213440.27,2682.83,2345.85,,,,,0.0,0.0,0.0,0.0,17.72,21.79,13.97,249580.34,3295.46,2682.83,,,,,0.0,0.0,0.0,0.0,16.97,19.91,14.42,0.0,0.0,62.4,0.0
2025-03-18,141916.09,1683.45,1583.04,,,,,1.5,2.5,6.0,2.0,18.78,21.28,16.7,146741.18,1736.38,1644.95,,,,,0.0,0.0,0.0,0.0,18.02,20.14,16.51,152008.77,1819.19,1696.51,,,,,0.0,0.0,0.0,0.0,17.52,19.72,15.65,163739.52,1997.06,1777.27,,,,,0.0,0.0,0.0,0.0,17.23,21.6,13.49,0.0,0.0,95.99999999999999,0.0
2025-03-25,201905.2,2435.91,2241.38,,,,,2.0,0.5,0.5,0.5,17.72,18.92,16.91,239279.18,3209.51,2417.68,,,,,1.5,2.0,1.0,2.0,17.9,20.56,16.25,329292.86,4264.31,3209.51,,,,,0.0,0.0,0.0,0.0,16.95,18.54,15.28,410039.02,5583.83,4193.12,,,,,0.0,0.0,0.0,0.0,17.06,20.29,14.59,0.0,0.0,98.00000000000004,0.0
2025-04-01,179851.67,2207.43,1951.06,,,,,0.0,0.0,0.0,0.0,17.48,20.64,14.75,215127.56,2782.71,2190.62,,,,,0.0,0.0,0.0,0.0,16.91,19.69,14.36,226656.05,2948.19,2241.38,,,,,0.0,0.0,0.0,0.0,17.11,20.15,14.22,195320.31,2472.69,2108.2,,,,,0.0,0.0,0.0,0.0,17.74,19.79,16.46,1.0,0.0,801.0000000000003,1.0
2025-04-09,337301.21,4408.31,3295.46,,,,,1.5,0.5,0.5,0.5,15.08,16.27,14.0,248254.18,3295.46,2702.58,,,,,3.5,2.5,5.0,4.5,16.94,18.88,15.62,268189.44,3445.63,2782.71,,,,,3.0,0.5,0.5,0.5,17.67,19.89,15.74,205545.53,3489.08,1951.06,,,,,4.0,1.0,1.0,1.0,18.4,20.8,16.93,0.0,0.0,624.0000000000001,1.0
2025-04-10,649406.11,11082.99,3982.79,,,,,0.0,0.0,0.0,0.0,13.91,15.48,12.6,337301.21,4408.31,3295.46,,,,,1.5,0.5,0.5,0.5,15.08,16.27,14.0,248254.18,3295.46,2702.58,,,,,3.5,2.5,5.0,4.5,16.94,18.88,15.62,268189.44,3445.63,2782.71,,,,,3.0,0.5,0.5,0.5,17.67,19.89,15.74,0.0,0.0,105.99999999999997,0.0
2025-04-15,191538.33,2310.59,2140.84,,,,,0.0,0.0,0.0,0.0,15.48,18.28,13.12,211562.96,2624.21,2275.77,,,,,0.0,0.0,0.0,0.0,14.54,17.43,11.89,246881.08,3142.71,2624.21,,,,,0.0,0.0,0.0,0.0,15.1,16.75,13.48,307029.92,4099.04,3120.66,,,,,0.0,0.0,0.0,0.0,15.4,17.59,13.15,0.0,0.0,19.999999999999996,0.0
2025-04-23,521321.91,6955.25,5264.97,,,,,0.5,1.0,0.0,0.0,15.82,17.12,14.84,331426.77,5370.3,3359.46,,,,,3.0,5.0,0.0,5.5,16.03,17.3,15.44,365680.02,5108.77,3598.74,,,,,7.5,8.5,3.5,6.0,17.09,18.92,15.04,607641.36,9684.95,5082.95,,,,,0.0,0.0,0.0,0.0,15.94,18.06,14.08,0.0,1.0,3254.999999999999,1.0
2025-04-29,186496.42,2241.38,2076.0,,,,,0.0,0.0,3.0,0.0,14.85,16.83,13.35,203219.67,2472.69,2207.43,,,,,0.0,0.0,0.5,0.5,14.25,16.47,12.05,226929.15,2803.01,2454.24,,,,,0.0,0.0,0.0,0.0,13.0,14.79,11.12,264501.36,3359.46,2782.71,,,,,0.0,0.0,0.0,0.0,12.33,14.55,10.11,0.0,0.0,31.0,0.0
2025-05-15,394792.38,4702.76,4456.78,,,,,0.0,0.0,0.0,0.0,12.21,13.57,11.0,424042.64,5186.6,4653.09,,,,,1.0,0.0,0.0,0.5,11.62,12.66,10.74,481922.02,6050.31,5134.65,,,,,0.5,0.5,0.0,0.0,10.45,12.0,8.66,619232.4,9142.44,6050.31,,,,,0.0,0.0,0.0,0.0,10.73,12.17,9.45,0.0,0.0,34.00000000000001,0.0
2025-06-12,533783.8,8603.19,5057.18,,,,,1.0,3.5,2.5,1.5,9.51,10.77,8.17,470786.14,5746.5,5238.79,,,,,1.0,5.5,4.5,4.0,7.66,8.57,6.25,498223.97,5856.14,5692.04,,,,,0.5,0.5,0.0,0.5,8.48,9.63,7.21,529088.34,6448.25,5801.2,,,,,0.5,0.0,0.0,0.0,7.44,8.5,6.47,0.0,0.0,125.19999999999996,0.0
2025-07-17,2740035.59,76904.34,5160.6,,,,,1.0,0.5,0.5,1.0,9.57,10.33,8.29,456199.11,5503.31,5108.77,,,,,8.5,2.5,1.0,0.5,9.9,11.01,8.77,493288.1,5828.64,5449.93,,,,,0.5,0.5,2.5,2.0,9.37,10.12,8.44,532524.03,6985.73,5801.2,,,,,0.5,0.5,0.5,0.5,9.24,10.02,8.04,0.0,0.0,384.0,0.0
2025-08-14,590375.7,7868.96,5449.93,,,,,0.5,0.0,0.0,0.0,8.3,9.71,6.98,475992.21,5692.04,5317.51,,,,,0.5,0.0,0.5,0.0,8.53,9.94,7.28,,0.0,0.0,,,,,0.5,0.0,0.0,0.5,7.52,8.91,6.09,,,,,,,,0.5,1.5,0.5,2.5,7.16,8.45,6.21,0.0,0.0,12.4,0.0
2025-09-11,1004233.2,13522.47,11118.7,,,,,0.5,0.0,0.5,0.0,9.86,11.39,8.79,1137387.0,14577.37,11913.88,,,,,4.0,3.0,1.5,5.0,8.62,10.64,6.42,1484693.79,19593.18,14537.75,,,,,0.0,0.0,0.0,0.0,8.16,9.96,6.2,1835566.24,31634.04,17583.46,,,,,0.0,0.0,0.0,0.0,8.8,10.92,7.22,0.0,4.0,221.60000000000002,0.0
2025-10-23,1177421.99,25440.19,8671.69,,,,,5.5,6.0,4.5,5.5,13.92,16.21,11.98,637396.5,8671.69,6985.73,,,,,0.0,0.0,0.0,0.0,14.28,15.18,13.58,671601.29,8298.54,7263.36,,,,,5.0,5.0,6.0,3.5,13.42,15.02,11.25,695531.54,8467.05,7707.03,,,,,0.0,0.5,0.5,0.0,14.34,16.27,13.19,0.0,1.0,110.00000000000004,0.0
2025-11-05,547761.33,6624.78,6022.39,,,,,0.0,0.0,0.0,0.0,16.56,19.44,14.31,607510.81,7420.17,6595.17,,,,,0.0,0.0,0.0,0.0,16.52,19.87,13.18,688710.12,8399.43,7388.66,,,,,0.0,0.0,0.0,0.0,15.49,17.98,13.02,818832.06,10167.47,8399.43,,,,,0.0,0.0,0.0,0.0,14.75,18.0,11.98,0.0,0.0,19.999999999999996,0.0
2025-11-12,416825.45,4954.72,4360.07,,,,,1.5,2.0,2.5,2.0,17.6,18.93,16.4,373220.87,4408.31,4240.52,,,,,0.5,1.5,0.0,0.5,17.76,19.59,15.34,390547.0,4653.09,4384.16,,,,,3.5,0.5,0.5,2.5,18.91,22.79,15.04,416661.64,5005.83,4628.34,,,,,0.0,0.0,0.0,0.0,19.29,23.01,16.1,0.0,0.0,108.00000000000003,0.0
2025-11-13,384080.88,4727.69,4264.31,,,,,0.5,0.5,1.0,0.5,17.2,20.81,14.38,416825.45,4954.72,4360.07,,,,,1.5,2.0,2.5,2.0,17.6,18.93,16.4,373220.87,4408.31,4240.52,,,,,0.5,1.5,0.0,0.5,17.76,19.59,15.34,390547.0,4653.09,4384.16,,,,,3.5,0.5,0.5,2.5,18.91,22.79,15.04,0.0,0.0,63.99999999999998,0.0
2025-11-19,336987.26,4075.67,3777.31,,,,,5.5,4.5,2.5,3.5,19.26,21.55,16.44,374823.36,4727.69,4029.11,,,,,0.0,0.0,0.0,0.0,18.89,23.32,14.47,539658.47,8908.09,4727.69,,,,,0.0,0.0,0.0,0.0,17.51,21.72,13.79,393131.29,8808.22,4336.04,,,,,0.0,0.0,0.0,0.0,17.22,20.56,14.78,0.0,0.0,158.00000000000003,0.0
2025-11-26,287984.43,3402.43,3274.25,,,,,0.0,0.0,0.0,0.0,19.63,21.99,16.68,295062.8,3532.76,3316.73,,,,,0.0,0.0,0.0,0.0,19.82,23.0,17.59,303646.84,3598.74,3402.43,,,,,1.0,0.0,0.0,0.0,20.21,23.08,18.36,327434.99,4005.92,3576.69,,,,,0.0,0.0,0.0,0.0,21.46,25.49,17.97,0.0,0.0,41.00000000000001,0.0
2025-12-03,238597.69,2906.16,2624.21,,,,,9.0,9.5,11.5,7.5,20.03,25.54,15.9,255429.76,3120.66,2864.57,,,,,0.0,0.0,0.0,0.0,18.77,20.78,16.97,245620.1,3012.05,2742.43,,,,,0.0,1.0,1.0,1.0,20.02,23.49,16.61,264269.47,3232.0,2843.94,,,,,1.5,3.0,1.0,2.5,20.61,24.82,17.05,0.0,0.0,355.00000000000006,0.0
2025-12-10,177995.4,2141.67,1967.38,,,,,0.0,0.0,0.0,0.0,23.3,28.4,19.02,194917.22,2356.75,2110.58,,,,,0.0,0.0,0.0,0.0,21.58,25.1,17.93,224228.95,2854.55,2356.75,,,,,0.0,0.0,0.0,0.0,21.76,26.45,18.32,288578.07,3949.61,2854.55,,,,,0.0,0.0,0.0,0.0,19.4,23.56,15.98,1.0,0.0,19.999999999999996,0.0
2025-12-17,139158.78,1667.37,1507.0,,,,,1.0,4.5,4.0,2.5,19.77,21.8,17.9,140251.4,1655.93,1579.24,,,,,3.5,1.5,2.0,1.0,22.6,27.3,18.9,143573.17,1690.51,1611.0,,,,,0.0,0.0,0.0,0.0,21.0,26.5,16.1,148581.04,1749.84,1667.37,,,,,0.0,0.0,0.0,0.0,19.96,24.2,16.1,0.0,0.0,261.99999999999994,0.0
2025-12-22,269856.36,3517.75,2878.15,,,,,0.0,0.0,0.0,0.0,18.61,22.4,15.4,221516.47,3443.89,2082.35,,,,,0.5,1.0,0.5,1.0,18.35,22.1,15.3,201006.12,2432.53,2153.4,,,,,1.0,0.0,0.0,0.0,18.42,20.8,17.0,225036.44,2670.25,2432.53,,,,,2.5,1.0,0.5,0.5,18.73,22.2,15.7,0.0,0.0,187.00000000000003,0.0
2025-12-29,287076.59,3771.37,3028.97,,,,,0.5,0.5,1.0,0.5,19.81,24.6,15.4,285790.0,3567.55,3139.37,,,,,0.0,0.0,0.0,0.0,18.14,19.9,16.2,353302.92,4898.59,3567.55,,,,,8.0,3.5,0.5,4.0,19.06,21.1,16.9,715441.49,16176.51,4898.59,,,,,0.5,3.0,3.0,1.5,18.91,22.8,15.5,0.0,0.0,121.00000000000003,0.0
2026-01-07,282540.83,3567.55,2963.8,,,,,0.0,0.0,0.0,0.0,20.67,24.7,17.0,360854.3,5100.25,3567.55,,,,,0.0,0.0,0.0,0.0,20.29,24.8,16.1,447044.27,6750.14,4063.59,,,,,0.0,0.0,0.0,0.0,19.19,23.2,15.4,382566.2,4870.0,4090.84,,,,,0.0,0.0,0.0,0.0,18.52,20.8,17.0,1.0,1.0,95.99999999999999,0.0
2026-01-14,180762.65,2432.53,1806.04,,,,,1.0,0.0,0.0,0.0,21.73,26.6,17.5,154043.38,1822.44,1710.54,,,,,0.0,0.0,0.0,0.0,21.76,25.1,19.4,163641.28,1976.25,1741.82,,,,,4.0,0.5,1.0,1.0,22.32,27.3,18.3,179862.69,2153.4,1958.61,,,,,0.0,0.0,0.0,0.0,21.64,24.9,19.1,0.0,0.0,62.99999999999999,0.0
2026-01-22,1067169.2,16697.7,10474.55,,,,,1.0,2.0,2.5,1.0,15.38,16.4,14.4,1647853.3,23944.32,14944.47,,,,,2.0,1.5,2.0,1.5,15.47,17.3,14.6,1450513.0,26830.37,2814.84,,,,,0.5,0.0,0.0,0.0,16.89,18.6,15.4,261788.16,3468.4,2835.85,,,,,0.5,0.0,0.0,0.5,17.24,18.8,16.1,2.0,1.0,328.0000000000001,0.0
2026-01-28,3237740.76,72605.08,17984.74,,,,,0.0,0.0,0.0,0.0,14.74,15.9,13.0,2072991.79,28688.84,18574.32,,,,,0.5,0.0,1.0,0.5,14.69,16.4,13.0,1721260.94,28081.99,16306.19,,,,,12.5,0.5,0.5,1.5,15.0,17.0,13.2,1342857.42,29248.58,12728.98,,,,,4.0,1.5,0.5,1.5,16.06,17.4,14.5,1.0,4.0,486.99999999999994,0.0
2026-02-04,412814.66,5630.78,4118.21,,,,,0.5,0.5,1.5,1.0,19.78,21.5,18.7,377703.47,4630.43,4201.0,,,,,5.0,1.0,3.5,1.0,19.26,20.6,17.4,437867.05,5511.39,4630.43,,,,,2.0,0.0,0.0,0.0,20.77,24.1,18.0,530323.59,6750.14,5511.39,,,,,0.0,0.0,0.0,0.0,20.7,23.9,18.1,0.0,1.0,1050.0,1.0
2026-02-11,231162.28,2773.09,2530.02,,,,,0.0,0.0,0.0,0.0,21.73,25.6,18.4,252149.47,3072.86,2752.34,,,,,0.0,0.0,0.0,0.0,21.02,25.0,17.5,279543.8,3395.23,3028.97,,,,,0.0,0.0,0.0,0.0,21.33,24.8,18.5,314869.69,3902.48,3371.07,,,,,0.0,0.0,0.0,0.0,20.75,23.9,18.1,0.0,0.0,62.99999999999999,0.0
2026-02-18,4112650.9,102984.45,25989.03,,,,,0.0,0.5,0.0,0.5,13.91,15.9,12.2,16121396.44,331524.22,9132.78,,,,,0.0,0.0,0.0,0.5,12.76,14.0,12.2,568214.63,9132.78,6055.37,,,,,13.0,8.0,4.0,7.0,16.23,18.3,14.0,1071969.19,21947.86,6947.68,,,,,14.5,14.5,8.5,10.5,19.51,22.0,18.3,3.0,1.0,613.0000000000001,1.0
2026-02-24,289975.92,3745.49,2985.43,,,,,0.0,0.0,0.0,0.0,17.83,21.0,14.8,365579.24,4779.3,3745.49,,,,,0.0,0.0,0.0,0.0,17.19,19.1,15.8,484666.65,6427.63,4749.3,,,,,0.0,0.0,0.0,0.0,16.75,19.7,13.9,677094.53,9311.94,6365.06,,,,,0.0,0.0,0.0,0.0,16.84,18.7,15.3,0.0,3.0,98.00000000000004,0.0
2026-03-04,432932.23,5153.55,4893.95,,,,,0.5,0.0,0.0,0.0,14.06,15.8,12.6,406838.79,4991.98,4559.93,,,,,1.5,0.5,0.5,1.5,15.81,17.7,14.1,406181.22,4836.23,4577.71,,,,,2.5,1.5,1.0,1.0,18.78,21.5,16.7,431406.23,5133.04,4817.17,,,,,0.0,0.0,0.0,0.5,18.13,21.7,14.6,0.0,0.0,146.0,0.0
2026-03-12,335489.51,3911.41,3829.29,,,,,0.0,0.0,0.0,0.0,16.5,19.2,14.2,347668.22,4217.62,3883.77,,,,,0.0,0.0,0.0,0.0,17.11,19.9,15.2,358520.17,4217.62,4082.81,,,,,0.0,0.0,0.0,0.0,17.35,18.9,16.0,357377.0,4187.2,4068.16,,,,,0.5,0.0,0.0,0.0,18.0,19.1,17.1,0.0,0.0,95.99999999999999,0.0
2026-03-18,355536.02,4310.48,3939.31,,,,,0.0,0.0,0.0,0.0,18.66,21.8,15.5,403877.92,5215.65,4294.84,,,,,0.0,0.0,0.0,0.0,18.03,21.0,15.3,594413.61,10223.87,5215.65,,,,,0.0,0.0,0.0,0.0,17.4,20.5,14.6,661331.92,14982.87,3842.81,,,,,0.0,0.0,0.0,0.0,19.25,21.2,16.2,1.0,0.0,62.99999999999999,0.0
2026-03-25,282816.58,3290.88,3252.03,,,,,0.0,0.0,0.0,0.0,17.06,18.8,15.1,285567.35,3330.41,3271.37,,,,,0.0,0.0,0.0,0.0,17.41,20.9,14.2,294384.64,3443.0,3300.69,,,,,0.0,0.0,0.0,0.0,16.79,20.1,13.7,302336.1,3548.59,3432.51,,,,,0.0,0.0,0.0,0.0,16.55,19.6,13.7,0.0,0.0,98.00000000000004,0.0
2026-04-01,283676.41,3360.53,3204.39,,,,,0.0,0.0,0.0,0.0,17.48,20.0,15.7,278676.52,3252.03,3204.39,,,,,0.0,0.0,0.0,0.0,18.33,19.7,17.3,283663.29,3370.67,3213.84,,,,,1.5,0.5,0.0,0.0,18.55,20.0,17.1,311049.61,3870.05,3370.67,,,,,0.0,0.0,0.0,0.0,19.34,21.5,17.4,0.0,0.0,147.99999999999994,0.0
2026-04-08,294330.32,4913.38,2953.87,,,,,2.0,1.5,1.0,2.0,16.18,16.9,15.2,257708.16,3005.46,2953.87,,,,,0.5,0.0,0.0,0.0,16.58,19.7,13.9,260745.79,3031.65,2979.53,,,,,0.0,0.0,0.0,0.0,16.98,19.9,15.0,263833.68,3075.92,3022.89,,,,,0.0,0.0,0.0,0.0,16.29,19.0,13.9,0.0,0.0,295.0000000000001,0.0
2026-04-15,1012015.83,14982.87,9098.46,,,,,3.5,1.5,3.5,3.5,14.24,15.3,13.3,2623344.45,60140.48,12801.13,,,,,4.5,1.0,1.0,2.0,14.45,15.2,14.0,1227770.4,70638.37,3166.97,,,,,3.5,3.0,4.5,4.0,17.69,19.7,15.2,287547.13,3466.0,3223.33,,,,,7.0,4.5,4.5,6.0,16.56,18.9,14.1,0.0,1.0,159.99999999999994,0.0
2026-04-22,4263826.33,75441.52,12360.29,,,,,1.0,0.5,0.0,0.5,10.67,12.3,9.7,1063520.97,15057.77,10822.75,,,,,5.5,0.5,1.0,4.0,12.38,13.4,12.0,1776224.64,44392.41,7436.17,,,,,4.5,1.0,3.0,5.5,13.66,14.2,13.1,634586.68,8228.8,6710.15,,,,,7.5,3.0,5.5,7.0,13.68,14.8,12.4,1.0,1.0,1539.0000000000002,1.0
2026-04-30,507329.24,6197.01,5583.0,,,,,3.5,1.0,0.0,2.5,12.23,13.1,11.5,571409.85,7095.73,6173.35,,,,,0.0,0.0,0.0,0.0,12.17,13.8,10.3,659903.89,8228.8,7069.53,,,,,0.0,0.0,0.0,0.0,11.68,13.5,10.0,778768.56,9839.54,8228.8,,,,,0.0,0.0,0.0,0.0,10.79,12.4,9.2,0.0,2.0,97.0,0.0
